id_do_caso,status_do_caso
EZYV22339,0
EZYV9333,0
EZYV9740,0
EZYV3328,0
EZYV12321,0
EZYV16736,1
EZYV15275,0
EZYV22597,0
EZYV18768,0
EZYV19412,0
EZYV13389,1
EZYV24472,1
EZYV18823,0
EZYV6933,0
EZYV8834,0
EZYV4553,0
EZYV16729,1
EZYV3645,0
EZYV16370,1
EZYV6220,0
EZYV1649,1
EZYV6547,1
EZYV10558,0
EZYV16994,0
EZYV1795,0
EZYV16571,1
EZYV20063,0
EZYV7455,0
EZYV3293,0
EZYV7347,0
EZYV5039,0
EZYV3428,0
EZYV5930,0
EZYV22014,0
EZYV9956,0
EZYV16181,0
EZYV7430,0
EZYV11056,1
EZYV11626,0
EZYV1783,0
EZYV11629,0
EZYV8626,1
EZYV2166,0
EZYV15483,0
EZYV13418,0
EZYV21238,0
EZYV13021,0
EZYV15034,0
EZYV15217,0
EZYV15850,0
EZYV21939,0
EZYV24747,0
EZYV13928,0
EZYV20251,0
EZYV8856,0
EZYV24501,0
EZYV23886,0
EZYV9968,0
EZYV4687,0
EZYV18372,0
EZYV13489,1
EZYV11268,0
EZYV11760,1
EZYV13732,0
EZYV20849,0
EZYV12764,1
EZYV2381,0
EZYV4709,0
EZYV20524,0
EZYV22889,1
EZYV6044,0
EZYV24486,0
EZYV20261,0
EZYV6242,0
EZYV356,1
EZYV16385,0
EZYV8987,0
EZYV4967,0
EZYV8077,0
EZYV13992,1
EZYV3188,1
EZYV1139,1
EZYV8159,0
EZYV24163,0
EZYV17611,0
EZYV2880,0
EZYV18472,1
EZYV16506,1
EZYV13106,1
EZYV5311,1
EZYV20799,0
EZYV5491,0
EZYV7848,0
EZYV15330,1
EZYV4835,1
EZYV8599,0
EZYV6096,0
EZYV606,0
EZYV6724,1
EZYV13103,1
EZYV2029,0
EZYV15336,1
EZYV24676,0
EZYV13847,0
EZYV21662,1
EZYV12901,0
EZYV10921,0
EZYV10091,1
EZYV15372,1
EZYV397,1
EZYV9714,1
EZYV69,0
EZYV23033,0
EZYV6650,0
EZYV21081,0
EZYV17187,0
EZYV18963,0
EZYV14940,0
EZYV24271,0
EZYV2009,0
EZYV5908,0
EZYV1962,1
EZYV3516,0
EZYV6941,0
EZYV11076,0
EZYV14898,0
EZYV7466,0
EZYV20544,0
EZYV6036,0
EZYV25344,0
EZYV913,0
EZYV12995,0
EZYV5738,0
EZYV688,0
EZYV11887,0
EZYV3530,0
EZYV766,0
EZYV10428,0
EZYV1370,0
EZYV8723,0
EZYV23890,0
EZYV14505,0
EZYV4828,0
EZYV11753,0
EZYV6229,0
EZYV16678,0
EZYV19523,0
EZYV21564,1
EZYV8207,0
EZYV24508,1
EZYV824,1
EZYV10093,1
EZYV19092,0
EZYV10330,0
EZYV11334,0
EZYV20286,0
EZYV3285,1
EZYV6513,1
EZYV22084,0
EZYV7307,0
EZYV20606,0
EZYV9394,0
EZYV17005,0
EZYV3658,0
EZYV12440,1
EZYV21223,0
EZYV9492,0
EZYV22758,1
EZYV24391,0
EZYV192,0
EZYV669,0
EZYV14398,0
EZYV12305,0
EZYV7382,0
EZYV24996,0
EZYV1369,0
EZYV12218,0
EZYV24858,1
EZYV22192,0
EZYV22776,0
EZYV19767,0
EZYV9369,1
EZYV11089,0
EZYV15395,0
EZYV16616,0
EZYV11671,0
EZYV8444,0
EZYV3407,0
EZYV16981,0
EZYV15100,1
EZYV16109,0
EZYV5021,1
EZYV8357,0
EZYV13865,0
EZYV10227,0
EZYV12241,0
EZYV16396,0
EZYV18225,1
EZYV4526,0
EZYV7200,1
EZYV11064,0
EZYV2776,0
EZYV3765,0
EZYV17261,0
EZYV2834,1
EZYV14679,1
EZYV7929,0
EZYV8274,0
EZYV906,0
EZYV23089,0
EZYV16671,0
EZYV14150,1
EZYV21563,0
EZYV6014,0
EZYV5867,0
EZYV19042,0
EZYV15434,0
EZYV10797,0
EZYV19845,0
EZYV2563,0
EZYV20031,0
EZYV20681,0
EZYV16414,1
EZYV14616,0
EZYV5920,1
EZYV19425,0
EZYV21165,0
EZYV14819,1
EZYV4200,0
EZYV14736,0
EZYV19031,1
EZYV11405,0
EZYV16020,0
EZYV22845,0
EZYV7150,0
EZYV13874,1
EZYV6591,0
EZYV21658,0
EZYV8504,1
EZYV7717,1
EZYV1922,0
EZYV3545,0
EZYV6590,0
EZYV6949,0
EZYV3035,0
EZYV24305,0
EZYV12004,0
EZYV8875,0
EZYV747,1
EZYV6437,1
EZYV12546,0
EZYV6324,0
EZYV17050,1
EZYV14935,0
EZYV12778,1
EZYV500,0
EZYV1531,0
EZYV14849,0
EZYV03,1
EZYV12036,1
EZYV8108,1
EZYV3644,0
EZYV24919,0
EZYV480,1
EZYV3665,0
EZYV19027,0
EZYV12354,1
EZYV25387,1
EZYV14122,0
EZYV15640,0
EZYV19487,0
EZYV6138,0
EZYV21501,1
EZYV3185,0
EZYV9648,0
EZYV9334,0
EZYV21136,0
EZYV2495,1
EZYV6175,1
EZYV23924,0
EZYV11764,0
EZYV12647,1
EZYV3262,1
EZYV19148,0
EZYV13086,0
EZYV24599,0
EZYV20631,0
EZYV13297,0
EZYV7809,1
EZYV19500,1
EZYV23362,0
EZYV17341,0
EZYV23998,0
EZYV6530,0
EZYV17146,0
EZYV7033,0
EZYV9716,0
EZYV25399,0
EZYV2581,0
EZYV20748,0
EZYV12360,0
EZYV24904,0
EZYV7272,0
EZYV15628,1
EZYV9004,0
EZYV14198,1
EZYV16398,1
EZYV7225,0
EZYV8579,0
EZYV2791,0
EZYV9669,0
EZYV17348,1
EZYV2484,0
EZYV3547,0
EZYV14223,0
EZYV8145,0
EZYV18132,0
EZYV5812,0
EZYV821,0
EZYV12761,1
EZYV22331,0
EZYV20139,0
EZYV19339,0
EZYV18336,1
EZYV10743,1
EZYV20504,0
EZYV15266,1
EZYV16508,0
EZYV19644,0
EZYV6051,0
EZYV21980,0
EZYV18804,0
EZYV13930,0
EZYV4402,0
EZYV18683,0
EZYV22898,0
EZYV21448,0
EZYV21132,1
EZYV8809,0
EZYV1435,1
EZYV21841,0
EZYV11241,0
EZYV3985,1
EZYV10425,0
EZYV10724,1
EZYV2635,1
EZYV10670,1
EZYV12485,0
EZYV18694,0
EZYV1814,0
EZYV23750,0
EZYV14960,0
EZYV24015,1
EZYV3548,0
EZYV9761,0
EZYV19068,0
EZYV19722,0
EZYV21009,0
EZYV23449,0
EZYV18424,0
EZYV6995,0
EZYV12673,0
EZYV4535,0
EZYV23357,0
EZYV6453,0
EZYV11820,0
EZYV13384,0
EZYV21428,0
EZYV22873,1
EZYV10438,0
EZYV19680,0
EZYV17617,0
EZYV25053,1
EZYV10193,0
EZYV17635,0
EZYV12439,1
EZYV10305,0
EZYV20277,0
EZYV21703,1
EZYV11351,0
EZYV12691,0
EZYV12450,0
EZYV6466,0
EZYV23435,0
EZYV11234,0
EZYV13628,0
EZYV4579,0
EZYV9433,0
EZYV3983,0
EZYV6135,0
EZYV7901,0
EZYV1466,0
EZYV23586,1
EZYV13987,0
EZYV5946,0
EZYV13218,0
EZYV20874,0
EZYV5652,0
EZYV14698,0
EZYV6577,0
EZYV11710,1
EZYV11812,0
EZYV2583,0
EZYV19384,0
EZYV6700,0
EZYV23279,1
EZYV24744,0
EZYV25,0
EZYV10337,0
EZYV20603,0
EZYV5381,0
EZYV23433,0
EZYV4611,1
EZYV872,0
EZYV24650,0
EZYV3536,0
EZYV24845,0
EZYV17607,1
EZYV15579,0
EZYV5038,0
EZYV2078,1
EZYV25102,0
EZYV12641,1
EZYV3004,0
EZYV18478,0
EZYV15653,1
EZYV23114,1
EZYV8281,0
EZYV10120,1
EZYV1842,0
EZYV17964,0
EZYV9430,0
EZYV25363,0
EZYV11799,0
EZYV15802,0
EZYV18660,0
EZYV9928,1
EZYV2450,0
EZYV18620,0
EZYV21722,0
EZYV21284,0
EZYV12457,0
EZYV22637,0
EZYV17365,1
EZYV6110,1
EZYV20150,0
EZYV5508,0
EZYV12122,0
EZYV6977,0
EZYV14078,0
EZYV8617,0
EZYV16102,1
EZYV1404,0
EZYV2299,0
EZYV23264,0
EZYV4133,0
EZYV10808,1
EZYV25385,0
EZYV8006,0
EZYV10915,0
EZYV15724,0
EZYV19290,0
EZYV21299,0
EZYV11094,0
EZYV22595,0
EZYV20786,1
EZYV2135,0
EZYV1276,0
EZYV4465,0
EZYV15013,0
EZYV15175,1
EZYV5978,1
EZYV8193,1
EZYV7831,0
EZYV14368,1
EZYV10029,0
EZYV3455,0
EZYV19517,1
EZYV17863,1
EZYV15505,0
EZYV7356,0
EZYV3886,0
EZYV1325,0
EZYV5536,0
EZYV14420,0
EZYV6866,0
EZYV23537,1
EZYV7740,0
EZYV22740,0
EZYV23104,1
EZYV13805,0
EZYV23548,0
EZYV21565,0
EZYV19623,0
EZYV488,1
EZYV9678,0
EZYV10053,0
EZYV24610,0
EZYV21383,0
EZYV15782,0
EZYV13056,0
EZYV24639,1
EZYV20830,1
EZYV15325,0
EZYV6985,0
EZYV16764,0
EZYV21651,0
EZYV4744,0
EZYV3169,0
EZYV23259,1
EZYV14969,0
EZYV9705,1
EZYV18340,0
EZYV414,1
EZYV7448,0
EZYV4121,0
EZYV23389,1
EZYV22194,1
EZYV24794,0
EZYV3575,0
EZYV4514,0
EZYV24542,0
EZYV10126,0
EZYV19951,0
EZYV5604,0
EZYV4692,0
EZYV21557,0
EZYV5713,0
EZYV3527,1
EZYV16029,1
EZYV20326,0
EZYV14284,0
EZYV21528,0
EZYV14707,1
EZYV18602,0
EZYV21924,0
EZYV5265,0
EZYV14663,1
EZYV18463,1
EZYV3087,0
EZYV11701,0
EZYV20231,1
EZYV18913,0
EZYV14636,0
EZYV7556,1
EZYV21598,0
EZYV18202,0
EZYV14859,0
EZYV3166,0
EZYV21581,0
EZYV2049,0
EZYV7637,1
EZYV23730,0
EZYV8447,0
EZYV5551,0
EZYV1708,0
EZYV11860,0
EZYV18265,0
EZYV9809,1
EZYV552,0
EZYV3171,0
EZYV3453,0
EZYV21766,0
EZYV13933,0
EZYV19601,0
EZYV4097,0
EZYV8978,0
EZYV19371,0
EZYV19844,0
EZYV7821,1
EZYV17388,1
EZYV15695,0
EZYV16502,0
EZYV429,0
EZYV5587,0
EZYV13841,0
EZYV14521,0
EZYV12971,0
EZYV3369,0
EZYV2097,0
EZYV12051,0
EZYV15809,0
EZYV11756,0
EZYV1326,0
EZYV5663,0
EZYV24020,0
EZYV20485,0
EZYV14188,0
EZYV2913,1
EZYV746,0
EZYV19303,1
EZYV14330,0
EZYV25006,0
EZYV6602,0
EZYV12346,0
EZYV1776,0
EZYV7116,0
EZYV4659,1
EZYV7850,0
EZYV13651,1
EZYV2056,1
EZYV9161,0
EZYV373,1
EZYV4908,0
EZYV14557,1
EZYV106,0
EZYV16989,1
EZYV17920,0
EZYV19161,0
EZYV17711,0
EZYV7598,0
EZYV13725,0
EZYV11838,1
EZYV23097,0
EZYV3359,0
EZYV10426,0
EZYV16343,0
EZYV22543,0
EZYV13961,0
EZYV15992,0
EZYV4135,1
EZYV2379,0
EZYV15301,1
EZYV15773,1
EZYV7948,0
EZYV11130,0
EZYV16954,1
EZYV16984,0
EZYV4250,0
EZYV19055,1
EZYV13464,0
EZYV21747,0
EZYV11476,0
EZYV10012,1
EZYV21754,0
EZYV16167,1
EZYV891,0
EZYV16932,0
EZYV18249,0
EZYV19029,0
EZYV6579,0
EZYV5509,0
EZYV19275,0
EZYV8866,0
EZYV2644,0
EZYV2134,0
EZYV22929,0
EZYV9780,0
EZYV319,1
EZYV6305,1
EZYV25260,0
EZYV1991,0
EZYV17907,0
EZYV15391,0
EZYV9144,1
EZYV3670,1
EZYV17739,0
EZYV8192,0
EZYV23058,0
EZYV16690,0
EZYV20587,0
EZYV24082,0
EZYV2889,1
EZYV16531,0
EZYV12750,0
EZYV15416,0
EZYV19255,0
EZYV13231,0
EZYV3507,1
EZYV17889,0
EZYV3503,0
EZYV14120,0
EZYV9560,0
EZYV6456,0
EZYV1256,0
EZYV22745,0
EZYV7085,1
EZYV11259,1
EZYV22563,0
EZYV20812,0
EZYV4664,1
EZYV4854,0
EZYV20649,0
EZYV25455,0
EZYV841,0
EZYV509,0
EZYV22235,0
EZYV15503,1
EZYV13619,0
EZYV21271,0
EZYV13853,0
EZYV22277,0
EZYV5106,0
EZYV4820,1
EZYV13291,0
EZYV18788,0
EZYV4256,1
EZYV16809,1
EZYV18846,1
EZYV4378,1
EZYV12060,0
EZYV6811,1
EZYV22239,1
EZYV3183,0
EZYV21751,0
EZYV16933,0
EZYV16008,1
EZYV12499,0
EZYV3013,0
EZYV17814,0
EZYV21551,0
EZYV18674,0
EZYV6691,0
EZYV10538,0
EZYV9926,0
EZYV18154,1
EZYV7537,0
EZYV14676,0
EZYV2272,0
EZYV121,0
EZYV20714,0
EZYV18546,1
EZYV24199,0
EZYV18350,0
EZYV1453,0
EZYV4548,0
EZYV24853,1
EZYV12604,0
EZYV581,0
EZYV13473,0
EZYV1511,0
EZYV8315,0
EZYV24655,0
EZYV5672,0
EZYV18663,0
EZYV20213,0
EZYV12326,1
EZYV15402,0
EZYV18635,0
EZYV13264,0
EZYV22282,0
EZYV104,0
EZYV15290,0
EZYV23518,0
EZYV2974,0
EZYV5894,0
EZYV10176,0
EZYV12865,0
EZYV7068,0
EZYV10699,1
EZYV16556,0
EZYV582,1
EZYV20850,1
EZYV5770,0
EZYV11668,0
EZYV16550,0
EZYV19052,0
EZYV13599,0
EZYV10278,0
EZYV6649,0
EZYV12275,0
EZYV18409,0
EZYV18987,1
EZYV4957,0
EZYV17623,1
EZYV3846,0
EZYV16912,1
EZYV12127,1
EZYV18762,0
EZYV19153,0
EZYV5743,1
EZYV13186,1
EZYV5094,0
EZYV9125,0
EZYV5982,0
EZYV2304,0
EZYV3722,0
EZYV6523,0
EZYV11852,0
EZYV7050,0
EZYV14656,0
EZYV5654,1
EZYV11809,0
EZYV266,1
EZYV22111,0
EZYV3569,0
EZYV17691,0
EZYV24310,0
EZYV24180,0
EZYV9216,0
EZYV19123,0
EZYV3618,0
EZYV11099,0
EZYV19977,0
EZYV15524,0
EZYV20404,0
EZYV21741,0
EZYV24178,0
EZYV17892,0
EZYV7788,0
EZYV19335,0
EZYV1592,0
EZYV5057,1
EZYV23879,0
EZYV97,0
EZYV21154,0
EZYV23166,0
EZYV9133,0
EZYV5919,1
EZYV12595,1
EZYV19887,0
EZYV20408,1
EZYV20433,0
EZYV12629,1
EZYV22138,0
EZYV920,0
EZYV10768,0
EZYV19159,0
EZYV20209,1
EZYV14673,0
EZYV11298,1
EZYV12966,0
EZYV12554,0
EZYV1005,0
EZYV3759,0
EZYV4082,0
EZYV19797,0
EZYV25299,1
EZYV3999,0
EZYV19855,0
EZYV7081,0
EZYV23667,0
EZYV12205,0
EZYV18899,0
EZYV1500,0
EZYV7289,1
EZYV8273,0
EZYV17302,1
EZYV7756,0
EZYV7229,0
EZYV15768,1
EZYV22442,1
EZYV7110,1
EZYV18845,0
EZYV6379,0
EZYV1973,0
EZYV14245,0
EZYV11479,0
EZYV4015,1
EZYV14277,0
EZYV10546,0
EZYV19541,0
EZYV20568,0
EZYV17436,0
EZYV1741,0
EZYV16536,1
EZYV19538,0
EZYV8551,0
EZYV10413,0
EZYV22729,1
EZYV2629,1
EZYV25406,0
EZYV23172,0
EZYV18838,0
EZYV2680,0
EZYV24926,0
EZYV22459,0
EZYV17331,0
EZYV4920,0
EZYV5644,0
EZYV19100,0
EZYV1049,0
EZYV8675,0
EZYV12164,0
EZYV8365,1
EZYV4016,0
EZYV12246,0
EZYV6651,1
EZYV10078,0
EZYV7530,0
EZYV18309,0
EZYV4106,0
EZYV11811,0
EZYV6310,0
EZYV17372,0
EZYV17260,0
EZYV10355,1
EZYV25248,0
EZYV20077,0
EZYV1065,0
EZYV21770,0
EZYV24360,0
EZYV17501,0
EZYV3040,0
EZYV24635,0
EZYV18335,0
EZYV8983,0
EZYV4498,0
EZYV19737,0
EZYV16688,0
EZYV5955,0
EZYV24917,1
EZYV3388,0
EZYV11748,0
EZYV6344,0
EZYV25164,0
EZYV19633,0
EZYV22825,0
EZYV54,0
EZYV22126,1
EZYV17516,0
EZYV16992,0
EZYV3161,1
EZYV627,0
EZYV24333,1
EZYV12900,0
EZYV9306,0
EZYV11378,0
EZYV9214,1
EZYV18108,0
EZYV17485,0
EZYV19930,0
EZYV17732,0
EZYV23569,0
EZYV19710,1
EZYV18924,0
EZYV7990,0
EZYV10139,0
EZYV18512,0
EZYV7969,1
EZYV2994,1
EZYV1729,0
EZYV21629,0
EZYV14909,0
EZYV179,0
EZYV14303,0
EZYV12261,0
EZYV12058,0
EZYV12230,0
EZYV10445,0
EZYV7528,0
EZYV6830,0
EZYV23162,0
EZYV10729,0
EZYV19087,0
EZYV23743,0
EZYV15177,0
EZYV4242,1
EZYV17888,0
EZYV3688,1
EZYV6930,0
EZYV13550,0
EZYV18487,1
EZYV15030,1
EZYV14346,0
EZYV24819,0
EZYV2168,0
EZYV2007,0
EZYV1744,1
EZYV2268,1
EZYV19062,0
EZYV8252,1
EZYV18952,0
EZYV4352,1
EZYV18735,0
EZYV20651,0
EZYV8099,0
EZYV22942,0
EZYV24358,0
EZYV12120,0
EZYV11225,0
EZYV17797,0
EZYV20160,0
EZYV14254,1
EZYV11631,0
EZYV23021,1
EZYV15104,1
EZYV1272,0
EZYV11442,0
EZYV22890,0
EZYV21995,0
EZYV23544,1
EZYV5517,1
EZYV23963,0
EZYV1239,1
EZYV11953,0
EZYV15263,0
EZYV14219,0
EZYV12885,0
EZYV6992,0
EZYV21440,0
EZYV24135,0
EZYV2041,0
EZYV11662,0
EZYV2951,0
EZYV8633,1
EZYV23287,1
EZYV823,0
EZYV20430,0
EZYV12788,1
EZYV22172,0
EZYV24096,0
EZYV12448,0
EZYV6178,0
EZYV20996,0
EZYV23245,0
EZYV15114,0
EZYV11263,0
EZYV3242,0
EZYV681,0
EZYV3650,0
EZYV19002,0
EZYV12149,0
EZYV19910,0
EZYV3376,0
EZYV9285,0
EZYV5848,0
EZYV16886,0
EZYV10427,0
EZYV18900,0
EZYV2883,0
EZYV12015,0
EZYV16406,0
EZYV23142,1
EZYV22271,0
EZYV679,0
EZYV18596,1
EZYV10155,0
EZYV5841,1
EZYV18175,0
EZYV18542,0
EZYV9997,0
EZYV12380,0
EZYV21604,0
EZYV5732,0
EZYV15676,0
EZYV92,1
EZYV10578,0
EZYV13553,0
EZYV18169,0
EZYV13714,0
EZYV17999,0
EZYV8007,0
EZYV20463,0
EZYV15832,0
EZYV21499,0
EZYV11121,0
EZYV16058,0
EZYV18471,1
EZYV14427,0
EZYV6140,0
EZYV18427,0
EZYV3731,0
EZYV3098,0
EZYV550,0
EZYV2782,1
EZYV15935,1
EZYV11390,0
EZYV10723,0
EZYV6507,0
EZYV3694,0
EZYV21970,0
EZYV20438,1
EZYV12502,0
EZYV12243,0
EZYV11025,0
EZYV4364,0
EZYV6604,0
EZYV2818,0
EZYV5601,0
EZYV10952,1
EZYV3228,0
EZYV5223,0
EZYV15094,0
EZYV4100,0
EZYV13812,0
EZYV23861,0
EZYV20061,0
EZYV6193,0
EZYV24129,0
EZYV8817,0
EZYV22355,0
EZYV16062,0
EZYV24168,0
EZYV771,0
EZYV2723,1
EZYV21463,0
EZYV16123,0
EZYV19864,0
EZYV2222,1
EZYV23932,0
EZYV7962,0
EZYV9183,0
EZYV17552,0
EZYV2239,0
EZYV19381,0
EZYV6598,0
EZYV20152,1
EZYV4421,1
EZYV8684,0
EZYV21161,0
EZYV10083,0
EZYV9421,0
EZYV16486,0
EZYV25189,0
EZYV14053,0
EZYV8141,0
EZYV11677,0
EZYV14644,0
EZYV9398,1
EZYV9267,0
EZYV4035,0
EZYV13440,0
EZYV255,0
EZYV23528,0
EZYV16161,0
EZYV1297,0
EZYV18646,1
EZYV24402,0
EZYV14652,1
EZYV10080,0
EZYV4332,0
EZYV24471,0
EZYV7495,0
EZYV16520,0
EZYV7951,0
EZYV17186,0
EZYV3271,0
EZYV4934,0
EZYV5709,0
EZYV22909,0
EZYV13612,1
EZYV17720,0
EZYV21241,1
EZYV19191,0
EZYV8389,0
EZYV17730,1
EZYV1199,1
EZYV7443,1
EZYV4280,0
EZYV6606,0
EZYV16041,1
EZYV21864,1
EZYV3850,0
EZYV9215,0
EZYV11484,1
EZYV2338,0
EZYV17220,0
EZYV7615,0
EZYV535,0
EZYV23140,0
EZYV13441,0
EZYV22525,0
EZYV3175,0
EZYV21695,1
EZYV22930,1
EZYV25479,0
EZYV16186,0
EZYV11050,0
EZYV13593,1
EZYV3353,0
EZYV16703,0
EZYV15110,0
EZYV14069,0
EZYV3774,0
EZYV9231,0
EZYV12614,1
EZYV8450,0
EZYV11973,1
EZYV23117,0
EZYV1227,0
EZYV9586,0
EZYV8129,0
EZYV20660,0
EZYV2378,0
EZYV12152,0
EZYV13378,0
EZYV5480,0
EZYV1771,0
EZYV2617,0
EZYV6370,1
EZYV12772,1
EZYV6186,0
EZYV25141,0
EZYV24751,0
EZYV24777,0
EZYV4759,0
EZYV23062,1
EZYV2254,0
EZYV12376,1
EZYV13960,0
EZYV8361,0
EZYV16854,0
EZYV14864,1
EZYV6525,0
EZYV795,0
EZYV6725,0
EZYV24240,1
EZYV13030,1
EZYV9765,0
EZYV5858,0
EZYV10732,1
EZYV5820,0
EZYV12350,0
EZYV19700,0
EZYV24297,0
EZYV9627,0
EZYV13309,0
EZYV3460,1
EZYV5126,1
EZYV18338,1
EZYV20680,0
EZYV6865,0
EZYV15548,0
EZYV18600,0
EZYV4062,0
EZYV18616,0
EZYV14957,1
EZYV1674,0
EZYV12985,0
EZYV22936,0
EZYV20731,0
EZYV14625,0
EZYV11524,1
EZYV7086,1
EZYV5611,0
EZYV7127,0
EZYV20796,0
EZYV18678,0
EZYV12775,0
EZYV23186,0
EZYV14504,0
EZYV24695,0
EZYV12313,0
EZYV7755,1
EZYV8426,0
EZYV14970,0
EZYV23760,0
EZYV3921,1
EZYV22754,0
EZYV4501,0
EZYV2441,1
EZYV25276,0
EZYV17315,0
EZYV3309,0
EZYV10936,0
EZYV20915,1
EZYV14192,1
EZYV11614,1
EZYV22787,0
EZYV18763,0
EZYV15700,1
EZYV4447,0
EZYV6608,0
EZYV21237,0
EZYV15945,1
EZYV24526,1
EZYV5543,0
EZYV11431,1
EZYV9563,1
EZYV8003,0
EZYV9717,0
EZYV10560,0
EZYV2125,1
EZYV17468,1
EZYV8805,0
EZYV19819,0
EZYV10503,1
EZYV14357,0
EZYV948,0
EZYV600,0
EZYV1789,0
EZYV10138,0
EZYV7143,1
EZYV23231,0
EZYV25375,0
EZYV2100,1
EZYV7592,0
EZYV17101,0
EZYV13484,0
EZYV8826,0
EZYV4975,0
EZYV10274,0
EZYV10839,0
EZYV16852,0
EZYV14163,0
EZYV7587,0
EZYV17471,1
EZYV13167,0
EZYV18179,0
EZYV13454,0
EZYV1038,1
EZYV12224,0
EZYV10658,0
EZYV14866,0
EZYV4679,0
EZYV20873,0
EZYV23049,0
EZYV19098,0
EZYV15626,0
EZYV8080,0
EZYV368,0
EZYV6383,1
EZYV6102,0
EZYV18157,0
EZYV9323,1
EZYV5191,0
EZYV21502,0
EZYV20067,1
EZYV16429,1
EZYV4335,0
EZYV13093,0
EZYV9116,0
EZYV10230,0
EZYV22101,0
EZYV8988,0
EZYV21504,1
EZYV7130,0
EZYV3997,0
EZYV17716,0
EZYV11028,0
EZYV15327,0
EZYV22036,1
EZYV12751,0
EZYV19958,1
EZYV8733,1
EZYV21339,0
EZYV18197,0
EZYV1429,1
EZYV3912,0
EZYV20256,0
EZYV17116,0
EZYV18147,0
EZYV10183,1
EZYV19838,0
EZYV21286,0
EZYV23513,0
EZYV24734,0
EZYV15113,0
EZYV6082,1
EZYV15765,0
EZYV3197,1
EZYV5169,0
EZYV13109,1
EZYV16842,0
EZYV634,0
EZYV16927,0
EZYV14240,0
EZYV12405,0
EZYV3514,0
EZYV22981,0
EZYV23753,0
EZYV6303,0
EZYV19053,0
EZYV3039,1
EZYV3404,0
EZYV16142,1
EZYV19320,1
EZYV10467,0
EZYV10191,0
EZYV172,0
EZYV2479,0
EZYV13269,1
EZYV20605,0
EZYV16584,1
EZYV17115,0
EZYV23666,0
EZYV9077,0
EZYV24070,0
EZYV21905,1
EZYV11886,0
EZYV13500,0
EZYV1037,0
EZYV11166,1
EZYV16880,0
EZYV4994,0
EZYV11333,0
EZYV3071,0
EZYV20888,1
EZYV9628,0
EZYV16375,0
EZYV18847,0
EZYV8297,1
EZYV17987,0
EZYV25105,1
EZYV17588,0
EZYV6442,0
EZYV24155,0
EZYV4948,1
EZYV10157,0
EZYV23610,1
EZYV504,0
EZYV24250,0
EZYV22955,0
EZYV12787,0
EZYV2276,0
EZYV5598,0
EZYV10471,0
EZYV864,0
EZYV21656,0
EZYV14851,0
EZYV22636,0
EZYV4446,0
EZYV15650,0
EZYV9431,0
EZYV10315,0
EZYV12400,0
EZYV11003,1
EZYV25136,0
EZYV21889,0
EZYV2322,1
EZYV21471,0
EZYV9390,0
EZYV9942,0
EZYV19903,0
EZYV5903,1
EZYV18634,1
EZYV24233,0
EZYV2053,0
EZYV14270,0
EZYV19094,0
EZYV9931,0
EZYV18603,0
EZYV287,0
EZYV11257,0
EZYV2092,0
EZYV1731,0
EZYV20703,0
EZYV11423,1
EZYV9177,1
EZYV24362,1
EZYV4914,0
EZYV6244,1
EZYV20517,1
EZYV11603,1
EZYV20302,0
EZYV1357,0
EZYV4289,0
EZYV21449,1
EZYV19194,1
EZYV15086,1
EZYV18226,0
EZYV20297,0
EZYV13918,0
EZYV10654,0
EZYV1316,1
EZYV18888,0
EZYV5623,0
EZYV7109,0
EZYV22349,1
EZYV4682,0
EZYV15912,0
EZYV11029,0
EZYV3989,1
EZYV21909,0
EZYV9618,0
EZYV14200,0
EZYV21468,0
EZYV13870,0
EZYV21797,0
EZYV17628,0
EZYV7149,0
EZYV10998,0
EZYV12258,0
EZYV7002,0
EZYV18668,0
EZYV16066,0
EZYV2653,1
EZYV6624,1
EZYV24431,0
EZYV6931,0
EZYV17173,1
EZYV13848,0
EZYV7196,0
EZYV23154,1
EZYV25470,0
EZYV2558,0
EZYV21795,0
EZYV9247,0
EZYV24231,1
EZYV5552,0
EZYV13006,1
EZYV20291,0
EZYV1752,1
EZYV23937,0
EZYV24146,0
EZYV10965,0
EZYV1355,0
EZYV16400,0
EZYV10385,1
EZYV11287,1
EZYV3696,0
EZYV1799,0
EZYV21014,0
EZYV7367,0
EZYV16544,0
EZYV1269,1
EZYV12550,0
EZYV4085,0
EZYV8761,0
EZYV951,0
EZYV9269,0
EZYV17100,0
EZYV23168,0
EZYV17652,0
EZYV14454,0
EZYV5801,0
EZYV5239,0
EZYV16217,0
EZYV6108,0
EZYV19151,1
EZYV7617,1
EZYV21359,0
EZYV13666,1
EZYV1589,0
EZYV23986,0
EZYV6306,1
EZYV24136,0
EZYV15917,0
EZYV20328,0
EZYV7325,0
EZYV9255,0
EZYV3968,0
EZYV25310,1
EZYV5473,0
EZYV23399,0
EZYV25427,0
EZYV15755,0
EZYV9441,0
EZYV2657,0
EZYV18345,0
EZYV11592,1
EZYV13184,0
EZYV3464,1
EZYV7739,0
EZYV22980,0
EZYV22104,0
EZYV381,0
EZYV10867,1
EZYV23837,1
EZYV15448,0
EZYV8608,0
EZYV594,1
EZYV11322,0
EZYV6388,1
EZYV24337,0
EZYV15070,0
EZYV15006,1
EZYV23748,0
EZYV20622,0
EZYV4287,0
EZYV11997,0
EZYV1321,0
EZYV20955,0
EZYV17523,0
EZYV11006,0
EZYV7425,0
EZYV7603,0
EZYV21922,0
EZYV20398,0
EZYV15837,1
EZYV5415,1
EZYV20997,0
EZYV18230,0
EZYV2992,0
EZYV4879,0
EZYV8475,0
EZYV473,0
EZYV16795,0
EZYV20699,0
EZYV20535,0
EZYV24974,0
EZYV9902,0
EZYV23078,0
EZYV22166,1
EZYV19214,0
EZYV18605,1
EZYV23684,0
EZYV4890,0
EZYV13570,0
EZYV7534,1
EZYV13498,1
EZYV15588,0
EZYV25215,0
EZYV8719,0
EZYV8317,1
EZYV15645,0
EZYV18164,0
EZYV14729,0
EZYV3135,1
EZYV16307,0
EZYV10973,1
EZYV12821,1
EZYV15199,0
EZYV6489,0
EZYV16131,0
EZYV6758,0
EZYV13800,0
EZYV24321,0
EZYV12559,0
EZYV19667,0
EZYV13527,1
EZYV1549,0
EZYV24022,0
EZYV16023,1
EZYV17389,0
EZYV2059,0
EZYV22484,0
EZYV16476,0
EZYV24792,0
EZYV16720,0
EZYV6002,0
EZYV21614,0
EZYV15831,1
EZYV4554,0
EZYV18706,1
EZYV23926,1
EZYV18817,0
EZYV22438,0
EZYV5144,1
EZYV5961,1
EZYV10344,0
EZYV17119,0
EZYV13429,0
EZYV17783,1
EZYV8084,0
EZYV18042,1
EZYV10258,0
EZYV23692,0
EZYV24076,0
EZYV5399,1
EZYV10248,0
EZYV17274,0
EZYV12605,0
EZYV4186,0
EZYV12876,0
EZYV22404,0
EZYV13393,0
EZYV19173,1
EZYV6230,1
EZYV13077,0
EZYV23645,0
EZYV5617,0
EZYV6904,0
EZYV12657,0
EZYV18435,0
EZYV19871,0
EZYV24185,0
EZYV24798,0
EZYV3083,0
EZYV12027,0
EZYV16591,0
EZYV20059,0
EZYV15741,0
EZYV5165,0
EZYV4412,1
EZYV4706,0
EZYV5607,0
EZYV15277,0
EZYV11969,1
EZYV16887,0
EZYV4916,0
EZYV14072,1
EZYV7808,0
EZYV18816,0
EZYV7394,1
EZYV18863,0
EZYV17307,0
EZYV3733,1
EZYV2751,0
EZYV18570,0
EZYV18403,0
EZYV2647,0
EZYV6015,0
EZYV17772,0
EZYV14166,0
EZYV13469,1
EZYV18836,0
EZYV20581,0
EZYV11213,0
EZYV24099,1
EZYV22828,0
EZYV14309,0
EZYV2842,0
EZYV17411,0
EZYV23771,0
EZYV14606,0
EZYV7138,0
EZYV10211,0
EZYV7329,0
EZYV15853,0
EZYV6273,0
EZYV24796,0
EZYV22345,0
EZYV1472,0
EZYV11097,0
EZYV13431,0
EZYV5727,0
EZYV3259,1
EZYV16060,0
EZYV6745,0
EZYV23529,0
EZYV24688,0
EZYV1251,0
EZYV12592,1
EZYV18741,0
EZYV18533,0
EZYV3667,0
EZYV9966,0
EZYV24721,0
EZYV15516,0
EZYV13589,0
EZYV3959,0
EZYV9658,0
EZYV11327,0
EZYV22269,1
EZYV15227,0
EZYV20313,1
EZYV13659,0
EZYV18498,0
EZYV5582,0
EZYV14886,0
EZYV4190,1
EZYV3236,0
EZYV8394,1
EZYV8110,0
EZYV2547,0
EZYV7945,0
EZYV15147,0
EZYV14917,0
EZYV22697,0
EZYV5599,0
EZYV14938,0
EZYV4272,0
EZYV15118,1
EZYV24484,0
EZYV9497,0
EZYV12644,0
EZYV22801,1
EZYV7600,1
EZYV19054,1
EZYV14489,0
EZYV5108,0
EZYV7296,0
EZYV10070,1
EZYV7984,0
EZYV2785,1
EZYV19814,0
EZYV2789,0
EZYV13535,0
EZYV24045,0
EZYV16043,1
EZYV23832,1
EZYV4305,0
EZYV18103,0
EZYV7683,0
EZYV13726,1
EZYV11928,0
EZYV5389,0
EZYV11562,0
EZYV6988,0
EZYV18587,0
EZYV12656,1
EZYV14705,0
EZYV3155,0
EZYV21855,0
EZYV11634,0
EZYV12156,0
EZYV13355,0
EZYV7679,0
EZYV9988,0
EZYV2885,0
EZYV19739,0
EZYV8303,0
EZYV19096,0
EZYV25167,0
EZYV23805,1
EZYV16914,0
EZYV22695,0
EZYV4400,0
EZYV14029,0
EZYV6490,0
EZYV19047,1
EZYV3607,0
EZYV745,1
EZYV19682,0
EZYV13669,0
EZYV20443,1
EZYV8012,1
EZYV13762,0
EZYV24379,1
EZYV1141,0
EZYV13327,0
EZYV7571,0
EZYV24758,1
EZYV9359,1
EZYV21943,1
EZYV10583,0
EZYV5397,0
EZYV1584,0
EZYV17308,0
EZYV9601,0
EZYV23043,0
EZYV9566,0
EZYV1706,0
EZYV8746,1
EZYV8904,0
EZYV6404,0
EZYV23635,1
EZYV24626,0
EZYV5754,1
EZYV13781,1
EZYV4142,0
EZYV25173,0
EZYV2370,0
EZYV8657,0
EZYV10275,0
EZYV23190,1
EZYV11981,0
EZYV1242,1
EZYV12106,0
EZYV7900,1
EZYV14973,0
EZYV24330,0
EZYV12496,0
EZYV3316,0
EZYV9211,1
EZYV9888,0
EZYV14760,0
EZYV6236,1
EZYV5883,0
EZYV16977,0
EZYV25286,0
EZYV18934,0
EZYV21618,0
EZYV21264,0
EZYV6496,0
EZYV12509,0
EZYV1533,1
EZYV1557,0
EZYV18856,0
EZYV24664,0
EZYV4024,0
EZYV16861,0
EZYV16646,1
EZYV10340,0
EZYV4179,0
EZYV1215,1
EZYV20311,0
EZYV146,0
EZYV22439,0
EZYV13089,0
EZYV11154,0
EZYV7658,1
EZYV5096,0
EZYV15708,0
EZYV16910,0
EZYV24913,0
EZYV23200,0
EZYV17291,0
EZYV22158,0
EZYV12054,0
EZYV14424,0
EZYV5290,1
EZYV13275,0
EZYV22681,0
EZYV16758,1
EZYV10326,0
EZYV8454,0
EZYV21231,0
EZYV3808,0
EZYV19347,0
EZYV3689,0
EZYV12515,0
EZYV19377,1
EZYV18124,1
EZYV25160,0
EZYV24669,1
EZYV8136,0
EZYV8452,0
EZYV2662,0
EZYV11180,0
EZYV6412,0
EZYV4295,0
EZYV7370,0
EZYV3901,0
EZYV12941,1
EZYV17441,0
EZYV7852,0
EZYV3684,0
EZYV9919,0
EZYV13783,0
EZYV17145,1
EZYV16124,0
EZYV15789,1
EZYV6871,0
EZYV3793,0
EZYV3150,0
EZYV3594,0
EZYV11177,0
EZYV8542,0
EZYV4534,0
EZYV18174,0
EZYV17961,1
EZYV12887,0
EZYV15835,0
EZYV16145,1
EZYV18277,1
EZYV13145,0
EZYV7529,0
EZYV21554,0
EZYV23243,0
EZYV16299,0
EZYV14297,1
EZYV15893,1
EZYV24774,0
EZYV9074,0
EZYV19607,0
EZYV6875,1
EZYV10501,0
EZYV21253,0
EZYV956,0
EZYV10647,0
EZYV2919,0
EZYV24454,1
EZYV10827,1
EZYV16497,0
EZYV6652,1
EZYV14197,1
EZYV5494,0
EZYV8681,0
EZYV11400,0
EZYV16874,1
EZYV17319,0
EZYV2692,0
EZYV3751,0
EZYV16297,1
EZYV15239,0
EZYV17251,0
EZYV21413,1
EZYV1700,0
EZYV18329,0
EZYV14692,0
EZYV1826,0
EZYV2756,0
EZYV13502,0
EZYV9535,0
EZYV10301,0
EZYV25473,1
EZYV529,0
EZYV542,0
EZYV7179,1
EZYV17662,0
EZYV9076,0
EZYV22017,0
EZYV10758,0
EZYV12823,0
EZYV14894,0
EZYV11053,1
EZYV17211,0
EZYV17697,0
EZYV10349,0
EZYV4577,1
EZYV5960,1
EZYV19976,0
EZYV78,0
EZYV1568,1
EZYV8078,0
EZYV8573,1
EZYV14901,0
EZYV4594,1
EZYV3789,0
EZYV21507,0
EZYV21711,0
EZYV3782,1
EZYV19634,0
EZYV6792,1
EZYV16538,0
EZYV8264,1
EZYV10242,1
EZYV11923,0
EZYV6990,0
EZYV16937,0
EZYV6497,0
EZYV22656,0
EZYV12615,1
EZYV2307,0
EZYV2111,0
EZYV14106,0
EZYV12482,0
EZYV8986,0
EZYV17761,0
EZYV17855,0
EZYV8771,1
EZYV23980,0
EZYV20747,0
EZYV13729,0
EZYV23887,0
EZYV10255,0
EZYV10822,0
EZYV18375,1
EZYV15162,0
EZYV19924,0
EZYV13828,1
EZYV10745,1
EZYV3955,0
EZYV22692,0
EZYV15435,0
EZYV1810,1
EZYV1953,0
EZYV24578,0
EZYV1320,0
EZYV5102,0
EZYV6024,0
EZYV16944,1
EZYV5343,1
EZYV24685,0
EZYV15810,0
EZYV1021,0
EZYV2688,0
EZYV9023,0
EZYV17587,0
EZYV6589,0
EZYV8839,0
EZYV22554,0
EZYV22503,0
EZYV12994,1
EZYV2836,0
EZYV3202,0
EZYV24671,0
EZYV8058,0
EZYV18207,0
EZYV18146,0
EZYV19624,1
EZYV10419,0
EZYV1653,0
EZYV7791,0
EZYV24108,0
EZYV25284,0
EZYV15939,0
EZYV10455,0
EZYV10512,0
EZYV11295,1
EZYV8293,1
EZYV15464,0
EZYV3371,0
EZYV6400,0
EZYV18653,0
EZYV17601,0
EZYV14974,0
EZYV7269,0
EZYV2418,1
EZYV7972,0
EZYV10741,1
EZYV13686,0
EZYV6156,0
EZYV14717,0
EZYV17256,0
EZYV1345,0
EZYV9671,0
EZYV12497,0
EZYV7401,0
EZYV9208,0
EZYV10580,0
EZYV84,0
EZYV4183,0
EZYV23381,0
EZYV15644,0
EZYV16691,0
EZYV8606,0
EZYV16132,0
EZYV3581,1
EZYV25213,0
EZYV22056,1
EZYV21096,0
EZYV8453,0
EZYV22094,0
EZYV14745,0
EZYV9113,0
EZYV8917,0
EZYV1027,0
EZYV12587,0
EZYV452,0
EZYV17542,1
EZYV3526,0
EZYV5548,0
EZYV24410,0
EZYV23809,0
EZYV6134,0
EZYV17683,0
EZYV12922,0
EZYV9701,0
EZYV24393,0
EZYV1071,0
EZYV24149,0
EZYV371,0
EZYV14526,0
EZYV16146,0
EZYV2297,0
EZYV2455,0
EZYV11830,0
EZYV16710,0
EZYV3679,0
EZYV11775,1
EZYV17442,0
EZYV9086,0
EZYV11133,0
EZYV5669,0
EZYV10552,1
EZYV9467,0
EZYV10907,0
EZYV4000,1
EZYV16261,1
EZYV13523,0
EZYV3614,0
EZYV13076,0
EZYV24345,0
EZYV16114,0
EZYV25000,0
EZYV13892,0
EZYV3792,1
EZYV4896,1
EZYV857,0
EZYV10618,0
EZYV2989,0
EZYV8912,0
EZYV20685,0
EZYV16575,0
EZYV14035,0
EZYV10048,1
EZYV12523,0
EZYV21267,0
EZYV10909,0
EZYV4719,0
EZYV11058,1
EZYV19376,0
EZYV20819,0
EZYV14888,0
EZYV2361,0
EZYV10057,0
EZYV8774,0
EZYV12759,0
EZYV4982,0
EZYV12907,1
EZYV12494,1
EZYV9082,0
EZYV12763,0
EZYV18222,0
EZYV17713,0
EZYV15095,0
EZYV16441,0
EZYV5634,0
EZYV9091,1
EZYV9465,0
EZYV18216,0
EZYV24959,0
EZYV16546,0
EZYV7180,0
EZYV19773,1
EZYV2342,0
EZYV6116,0
EZYV18624,0
EZYV23850,0
EZYV20706,0
EZYV6455,1
EZYV3006,0
EZYV2487,0
EZYV7446,1
EZYV633,0
EZYV8541,0
EZYV14068,0
EZYV21133,0
EZYV15204,1
EZYV20884,0
EZYV20215,0
EZYV20583,0
EZYV13610,1
EZYV14047,1
EZYV3153,0
EZYV6165,0
EZYV20097,0
EZYV13148,0
EZYV19670,0
EZYV8622,0
EZYV9552,0
EZYV24432,1
EZYV2413,1
EZYV12780,0
EZYV394,0
EZYV4984,0
EZYV10701,1
EZYV10615,0
EZYV46,0
EZYV18134,0
EZYV4921,0
EZYV17014,0
EZYV2859,0
EZYV10889,0
EZYV11536,0
EZYV16813,0
EZYV14630,0
EZYV14000,1
EZYV15340,0
EZYV1218,0
EZYV11637,0
EZYV8823,0
EZYV16474,0
EZYV1843,0
EZYV13917,0
EZYV1390,0
EZYV1963,0
EZYV4392,0
EZYV2501,0
EZYV20883,0
EZYV11215,0
EZYV20322,1
EZYV9796,0
EZYV23582,0
EZYV2117,1
EZYV1737,0
EZYV9723,1
EZYV19314,0
EZYV944,0
EZYV11806,1
EZYV8123,0
EZYV12322,0
EZYV18342,0
EZYV10062,0
EZYV19305,1
EZYV13462,0
EZYV22412,0
EZYV17532,0
EZYV19833,0
EZYV14988,1
EZYV13144,0
EZYV8683,1
EZYV3387,0
EZYV9974,1
EZYV23061,1
EZYV25154,0
EZYV10468,0
EZYV12528,0
EZYV15845,0
EZYV12319,0
EZYV8276,0
EZYV19177,0
EZYV21782,0
EZYV2909,0
EZYV24902,0
EZYV10414,0
EZYV13294,0
EZYV8331,0
EZYV6008,0
EZYV7030,0
EZYV14165,0
EZYV3417,0
EZYV327,0
EZYV19138,0
EZYV9099,1
EZYV5105,0
EZYV10491,1
EZYV21352,0
EZYV18564,0
EZYV16424,0
EZYV12682,0
EZYV11324,0
EZYV22039,0
EZYV23507,0
EZYV12072,1
EZYV23135,0
EZYV23543,0
EZYV11066,0
EZYV22505,1
EZYV12347,1
EZYV12266,0
EZYV21102,1
EZYV12393,0
EZYV6056,0
EZYV5245,0
EZYV10893,0
EZYV631,0
EZYV6027,0
EZYV22961,0
EZYV18697,0
EZYV17698,0
EZYV9826,1
EZYV7880,1
EZYV13034,0
EZYV19248,0
EZYV5288,0
EZYV7923,0
EZYV314,1
EZYV22049,0
EZYV16324,1
EZYV24550,0
EZYV7604,0
EZYV11535,0
EZYV20051,0
EZYV25142,0
EZYV4525,0
EZYV21934,0
EZYV11317,0
EZYV23101,0
EZYV5370,0
EZYV875,1
EZYV3422,0
EZYV4426,1
EZYV23958,0
EZYV980,0
EZYV11707,0
EZYV9073,0
EZYV13099,0
EZYV3852,0
EZYV24263,0
EZYV3906,0
EZYV19246,1
EZYV13410,1
EZYV14414,1
EZYV17895,0
EZYV3124,0
EZYV6612,0
EZYV7445,0
EZYV9249,0
EZYV11632,1
EZYV5407,0
EZYV6452,0
EZYV23755,0
EZYV3284,0
EZYV4601,0
EZYV9833,0
EZYV8517,0
EZYV4776,0
EZYV1327,1
EZYV19203,0
EZYV22043,1
EZYV13302,0
EZYV10599,0
EZYV6450,0
EZYV3076,0
EZYV24895,1
EZYV1960,0
EZYV7471,0
EZYV15384,0
EZYV9686,0
EZYV19331,0
EZYV2209,0
EZYV6605,0
EZYV4394,0
EZYV12551,0
EZYV8166,0
EZYV18662,1
EZYV19669,0
EZYV6535,0
EZYV10215,0
EZYV9720,0
EZYV9240,0
EZYV25274,0
EZYV18667,1
EZYV21162,0
EZYV23402,0
EZYV3114,1
EZYV19082,1
EZYV12694,1
EZYV19941,0
EZYV19489,0
EZYV3430,0
EZYV11515,0
EZYV12859,1
EZYV14710,1
EZYV22799,0
EZYV10047,1
EZYV49,0
EZYV15547,0
EZYV13657,0
EZYV9308,1
EZYV2320,0
EZYV8346,1
EZYV3311,1
EZYV10782,0
EZYV398,0
EZYV9264,0
EZYV12843,0
EZYV4600,0
EZYV17852,1
EZYV22835,0
EZYV18371,0
EZYV16494,0
EZYV7872,1
EZYV1720,0
EZYV17263,0
EZYV24583,0
EZYV505,0
EZYV3157,0
EZYV15975,1
EZYV22210,0
EZYV13735,1
EZYV1161,1
EZYV23681,0
EZYV9094,0
EZYV16392,0
EZYV5712,1
EZYV16082,1
EZYV21586,0
EZYV16588,1
EZYV218,0
EZYV12046,0
EZYV19458,0
EZYV8477,0
EZYV16463,1
EZYV16092,0
EZYV24062,0
EZYV2508,0
EZYV3219,0
EZYV8782,0
EZYV4474,0
EZYV14530,0
EZYV6628,0
EZYV17428,0
EZYV1282,0
EZYV7032,0
EZYV743,0
EZYV24007,0
EZYV1905,0
EZYV17168,0
EZYV12018,1
EZYV24918,1
EZYV22764,0
EZYV17140,0
EZYV10208,0
EZYV2411,1
EZYV252,0
EZYV19483,0
EZYV8624,0
EZYV24881,1
EZYV5241,0
EZYV6343,1
EZYV9810,0
EZYV12073,1
EZYV17003,0
EZYV22179,1
EZYV23625,0
EZYV16998,0
EZYV12025,0
EZYV4760,0
EZYV7801,0
EZYV22999,0
EZYV15400,0
EZYV8163,0
EZYV8835,1
EZYV12873,0
EZYV1617,0
EZYV2421,0
EZYV3542,1
EZYV23740,0
EZYV9856,0
EZYV10051,0
EZYV23107,1
EZYV13332,0
EZYV3919,1
EZYV6822,1
EZYV7826,0
EZYV3354,0
EZYV10030,0
EZYV15491,0
EZYV11277,1
EZYV4943,1
EZYV23877,1
EZYV18026,0
EZYV16344,0
EZYV7686,0
EZYV12984,0
EZYV11697,0
EZYV5079,1
EZYV448,0
EZYV22620,0
EZYV4546,0
EZYV12609,1
EZYV8231,1
EZYV18883,1
EZYV12716,0
EZYV8319,1
EZYV16662,0
EZYV6409,1
EZYV17539,1
EZYV24985,0
EZYV25338,0
EZYV720,0
EZYV19454,0
EZYV23070,1
EZYV3217,1
EZYV15073,0
EZYV24507,0
EZYV4429,0
EZYV14313,0
EZYV10076,0
EZYV20088,0
EZYV20908,0
EZYV8411,1
EZYV12475,0
EZYV20612,0
EZYV14052,0
EZYV5556,0
EZYV6701,0
EZYV19067,1
EZYV12348,0
EZYV20741,0
EZYV2892,1
EZYV7713,0
EZYV17267,0
EZYV24920,1
EZYV23473,0
EZYV2901,0
EZYV13790,0
EZYV9191,0
EZYV19665,0
EZYV18643,0
EZYV15619,0
EZYV8311,0
EZYV7694,0
EZYV25106,1
EZYV16428,0
EZYV9239,0
EZYV6187,0
EZYV16757,0
EZYV12527,0
EZYV21455,1
EZYV13654,1
EZYV18835,0
EZYV17237,0
EZYV24702,1
EZYV7144,0
EZYV17269,0
EZYV17171,0
EZYV17663,0
EZYV7211,0
EZYV11085,0
EZYV13791,0
EZYV6754,1
EZYV353,0
EZYV1517,0
EZYV15378,0
EZYV13844,0
EZYV15081,1
EZYV20806,0
EZYV13962,0
EZYV7858,0
EZYV15122,0
EZYV4253,0
EZYV19996,0
EZYV21976,0
EZYV11952,1
EZYV16106,0
EZYV1663,1
EZYV19873,0
EZYV18933,0
EZYV3049,1
EZYV23237,0
EZYV20092,1
EZYV13596,1
EZYV8340,0
EZYV10754,0
EZYV14839,0
EZYV14541,1
EZYV13586,0
EZYV3920,1
EZYV17898,0
EZYV4505,0
EZYV8189,0
EZYV6592,0
EZYV6705,0
EZYV7087,1
EZYV9263,1
EZYV23800,1
EZYV15258,0
EZYV13060,1
EZYV3911,0
EZYV23911,0
EZYV12308,1
EZYV11791,1
EZYV10234,1
EZYV13871,0
EZYV24860,0
EZYV9866,0
EZYV6268,0
EZYV22458,0
EZYV22468,0
EZYV3385,1
EZYV2288,0
EZYV17462,0
EZYV9955,0
EZYV12215,0
EZYV9798,1
EZYV33,0
EZYV11174,1
EZYV5788,0
EZYV11528,1
EZYV12438,0
EZYV13091,0
EZYV23974,0
EZYV14534,0
EZYV9069,0
EZYV16682,0
EZYV18673,0
EZYV15420,0
EZYV8749,0
EZYV16660,0
EZYV13728,0
EZYV6037,0
EZYV19615,1
EZYV3602,0
EZYV5122,0
EZYV7633,0
EZYV2991,0
EZYV19128,0
EZYV1615,1
EZYV9058,0
EZYV14645,0
EZYV6509,0
EZYV14878,1
EZYV14169,1
EZYV2391,1
EZYV21387,0
EZYV559,0
EZYV25458,0
EZYV4491,1
EZYV24582,0
EZYV5889,0
EZYV25212,0
EZYV6857,1
EZYV8323,0
EZYV22127,0
EZYV6622,0
EZYV5513,0
EZYV10682,0
EZYV9687,1
EZYV15666,0
EZYV15690,1
EZYV16712,0
EZYV2726,0
EZYV22394,0
EZYV9324,0
EZYV9682,0
EZYV24144,0
EZYV7721,0
EZYV15422,0
EZYV1157,0
EZYV4483,0
EZYV406,1
EZYV9897,0
EZYV20871,0
EZYV9791,1
EZYV10671,0
EZYV11465,0
EZYV1455,1
EZYV18781,0
EZYV8679,0
EZYV4433,1
EZYV1762,0
EZYV2825,1
EZYV23523,1
EZYV3691,1
EZYV16206,0
EZYV569,1
EZYV7752,0
EZYV3657,0
EZYV9273,0
EZYV365,1
EZYV5189,1
EZYV12863,1
EZYV19527,0
EZYV4894,1
EZYV4986,0
EZYV12762,1
EZYV17586,0
EZYV20633,0
EZYV21679,0
EZYV19241,0
EZYV7374,0
EZYV5152,0
EZYV7630,0
EZYV24573,0
EZYV9659,0
EZYV749,0
EZYV3278,1
EZYV7728,0
EZYV6162,0
EZYV7479,0
EZYV16806,1
EZYV1970,0
EZYV4876,0
EZYV1144,0
EZYV10124,0
EZYV1927,1
EZYV8316,0
EZYV19970,0
EZYV24380,0
EZYV4046,0
EZYV15130,0
EZYV9415,0
EZYV16987,0
EZYV13769,1
EZYV17060,0
EZYV20653,0
EZYV17750,0
EZYV16187,0
EZYV13888,0
EZYV13156,0
EZYV9881,0
EZYV22767,0
EZYV20426,0
EZYV4542,1
EZYV17053,0
EZYV21093,0
EZYV10380,0
EZYV25024,1
EZYV24247,1
EZYV17748,0
EZYV18629,1
EZYV16776,0
EZYV2129,0
EZYV5050,1
EZYV4714,0
EZYV18379,1
EZYV25005,0
EZYV19375,1
EZYV7613,0
EZYV20414,0
EZYV19215,0
EZYV6472,0
EZYV2367,1
EZYV4315,1
EZYV5944,0
EZYV18621,0
EZYV7363,0
EZYV4224,0
EZYV2507,0
EZYV11992,0
EZYV19065,1
EZYV18019,1
EZYV23907,0
EZYV7135,0
EZYV17055,0
EZYV15444,0
EZYV24951,0
EZYV2323,1
EZYV19550,1
EZYV17090,0
EZYV3713,0
EZYV6976,1
EZYV4094,0
EZYV9381,0
EZYV15042,0
EZYV5448,0
EZYV8859,0
EZYV10571,1
EZYV10069,1
EZYV25166,0
EZYV18149,1
EZYV7572,0
EZYV3313,0
EZYV2099,0
EZYV9685,0
EZYV2961,1
EZYV23269,0
EZYV10668,0
EZYV17891,0
EZYV44,0
EZYV23707,0
EZYV21186,1
EZYV12846,0
EZYV19802,0
EZYV3831,0
EZYV14312,0
EZYV17505,0
EZYV3858,0
EZYV7104,0
EZYV24750,0
EZYV7369,0
EZYV2318,0
EZYV20790,0
EZYV19393,0
EZYV16121,0
EZYV1399,0
EZYV20730,0
EZYV22435,0
EZYV13123,0
EZYV16227,0
EZYV24476,1
EZYV8954,0
EZYV9233,1
EZYV20126,0
EZYV7565,0
EZYV712,0
EZYV5267,0
EZYV7579,1
EZYV23570,0
EZYV23424,0
EZYV42,0
EZYV9404,0
EZYV14981,0
EZYV20721,0
EZYV19142,0
EZYV15906,0
EZYV24326,1
EZYV23103,0
EZYV13366,0
EZYV1145,1
EZYV13606,1
EZYV20525,0
EZYV9236,0
EZYV10594,0
EZYV23857,0
EZYV9361,0
EZYV3481,1
EZYV5871,0
EZYV15725,0
EZYV21074,0
EZYV25184,0
EZYV23155,0
EZYV3450,1
EZYV16940,0
EZYV24731,1
EZYV10167,0
EZYV21206,0
EZYV25289,0
EZYV5715,0
EZYV18189,1
EZYV18985,0
EZYV14708,0
EZYV10883,1
EZYV17021,0
EZYV4169,0
EZYV21907,0
EZYV22788,0
EZYV11361,0
EZYV21404,0
EZYV15582,1
EZYV14624,0
EZYV7253,0
EZYV11392,0
EZYV12541,0
EZYV11408,0
EZYV13528,0
EZYV3747,1
EZYV4777,0
EZYV10181,0
EZYV10259,0
EZYV17136,0
EZYV557,0
EZYV1381,0
EZYV1536,0
EZYV12385,0
EZYV4113,1
EZYV4710,0
EZYV17878,0
EZYV7039,0
EZYV21167,0
EZYV7328,0
EZYV6954,1
EZYV4450,0
EZYV12479,0
EZYV16664,0
EZYV25224,0
EZYV12114,0
EZYV432,0
EZYV12888,1
EZYV5811,0
EZYV4479,0
EZYV5174,1
EZYV4264,1
EZYV15366,1
EZYV9666,1
EZYV22429,0
EZYV8884,0
EZYV17306,0
EZYV21985,0
EZYV18366,0
EZYV1349,0
EZYV799,1
EZYV17714,0
EZYV5104,0
EZYV4476,0
EZYV16915,0
EZYV12908,0
EZYV1247,0
EZYV23079,0
EZYV23644,0
EZYV22810,0
EZYV9998,0
EZYV190,0
EZYV717,1
EZYV21055,1
EZYV15218,1
EZYV2972,0
EZYV20509,0
EZYV3030,0
EZYV2543,0
EZYV24562,0
EZYV7264,1
EZYV9148,1
EZYV6350,0
EZYV18873,0
EZYV11980,1
EZYV13989,0
EZYV7773,0
EZYV2489,0
EZYV16855,1
EZYV3119,0
EZYV6464,0
EZYV24657,1
EZYV4520,0
EZYV13739,0
EZYV8690,0
EZYV19408,0
EZYV5934,0
EZYV22096,0
EZYV25273,0
EZYV7748,0
EZYV4423,0
EZYV6869,0
EZYV24741,0
EZYV14905,0
EZYV14802,1
EZYV14655,1
EZYV2376,0
EZYV23167,1
EZYV18419,0
EZYV18707,0
EZYV3582,0
EZYV22897,0
EZYV1550,0
EZYV19720,1
EZYV17591,1
EZYV4436,1
EZYV18470,1
EZYV23944,0
EZYV6834,0
EZYV5266,1
EZYV8094,0
EZYV4740,0
EZYV609,0
EZYV14684,0
EZYV10659,1
EZYV953,0
EZYV23256,0
EZYV9322,0
EZYV18123,0
EZYV11556,0
EZYV18186,0
EZYV13635,0
EZYV23688,0
EZYV17521,0
EZYV3133,1
EZYV4234,0
EZYV19671,0
EZYV23720,0
EZYV4522,1
EZYV12118,0
EZYV19592,0
EZYV11289,0
EZYV6260,1
EZYV22189,0
EZYV11968,0
EZYV20957,0
EZYV9293,1
EZYV22211,0
EZYV13134,0
EZYV4941,0
EZYV18025,0
EZYV23485,0
EZYV15788,1
EZYV1902,0
EZYV18126,0
EZYV12837,0
EZYV19417,1
EZYV18173,0
EZYV7964,0
EZYV3612,0
EZYV24525,0
EZYV5153,1
EZYV1305,0
EZYV10708,0
EZYV12082,1
EZYV13224,0
EZYV19691,0
EZYV23677,0
EZYV20446,0
EZYV1869,0
EZYV17216,0
EZYV10014,0
EZYV10114,1
EZYV24137,0
EZYV2945,0
EZYV6644,1
EZYV20495,0
EZYV16947,0
EZYV3543,1
EZYV7497,0
EZYV8112,0
EZYV5458,1
EZYV9762,0
EZYV12866,0
EZYV852,0
EZYV19209,1
EZYV2448,1
EZYV20325,1
EZYV23024,0
EZYV24101,1
EZYV4317,0
EZYV17396,1
EZYV13816,0
EZYV9526,0
EZYV735,1
EZYV1714,0
EZYV9135,0
EZYV7733,0
EZYV13809,0
EZYV8289,0
EZYV13244,0
EZYV19131,0
EZYV5201,0
EZYV11559,0
EZYV10857,0
EZYV24170,0
EZYV16804,0
EZYV19005,1
EZYV8510,0
EZYV20314,0
EZYV1245,0
EZYV15236,0
EZYV5686,1
EZYV9834,0
EZYV1056,0
EZYV6734,0
EZYV15500,0
EZYV14646,1
EZYV2415,0
EZYV3495,0
EZYV23323,1
EZYV19218,1
EZYV10327,0
EZYV14887,0
EZYV17705,0
EZYV7136,0
EZYV25429,0
EZYV5075,0
EZYV2101,0
EZYV9393,1
EZYV3044,0
EZYV15946,0
EZYV25448,0
EZYV12897,0
EZYV18283,0
EZYV17166,1
EZYV22672,1
EZYV986,0
EZYV21772,0
EZYV25262,1
EZYV8528,1
EZYV22946,0
EZYV2017,1
EZYV8060,0
EZYV5071,0
EZYV6763,1
EZYV15131,0
EZYV7041,0
EZYV17924,0
EZYV10463,0
EZYV12491,1
EZYV17089,0
EZYV12146,1
EZYV1030,1
EZYV13795,0
EZYV16879,0
EZYV16677,1
EZYV21930,1
EZYV16459,0
EZYV2164,0
EZYV19470,1
EZYV21150,0
EZYV21865,1
EZYV18456,0
EZYV8113,0
EZYV8676,1
EZYV8825,0
EZYV10104,0
EZYV8446,0
EZYV18852,1
EZYV18454,1
EZYV16634,1
EZYV14979,0
EZYV11250,0
EZYV24322,0
EZYV15492,1
EZYV426,1
EZYV1236,0
EZYV24534,1
EZYV865,1
EZYV20590,0
EZYV16875,1
EZYV15213,0
EZYV11432,1
EZYV4778,0
EZYV11920,0
EZYV20762,1
EZYV11962,0
EZYV15392,0
EZYV532,0
EZYV4434,0
EZYV22702,1
EZYV1724,1
EZYV11506,1
EZYV22733,0
EZYV14896,0
EZYV8538,0
EZYV4911,0
EZYV7581,0
EZYV13202,1
EZYV22285,0
EZYV22193,0
EZYV18595,0
EZYV13671,0
EZYV2025,0
EZYV07,0
EZYV7899,1
EZYV391,1
EZYV14117,0
EZYV19698,0
EZYV15313,0
EZYV12795,0
EZYV22078,0
EZYV2269,0
EZYV599,0
EZYV20258,0
EZYV17445,0
EZYV14295,0
EZYV4001,0
EZYV23954,0
EZYV3523,0
EZYV22855,0
EZYV19476,0
EZYV23194,0
EZYV10892,0
EZYV3200,1
EZYV14020,0
EZYV18468,0
EZYV7191,0
EZYV4960,0
EZYV8872,0
EZYV2519,1
EZYV17639,1
EZYV13230,0
EZYV20190,0
EZYV12173,1
EZYV17408,0
EZYV20384,0
EZYV17142,0
EZYV11047,0
EZYV3418,0
EZYV22328,0
EZYV24506,1
EZYV22502,0
EZYV3862,0
EZYV7014,0
EZYV24475,0
EZYV21480,0
EZYV11990,0
EZYV8734,1
EZYV9409,0
EZYV19595,0
EZYV3922,0
EZYV13745,0
EZYV6877,0
EZYV9532,0
EZYV11312,0
EZYV15120,0
EZYV21548,1
EZYV22360,0
EZYV14862,0
EZYV22582,0
EZYV10376,0
EZYV24383,0
EZYV17491,1
EZYV20939,0
EZYV4049,0
EZYV13653,1
EZYV20946,0
EZYV1154,0
EZYV7914,0
EZYV11412,0
EZYV24087,0
EZYV18665,0
EZYV16231,1
EZYV14787,0
EZYV15804,1
EZYV1709,0
EZYV19207,0
EZYV7992,1
EZYV17548,0
EZYV10401,1
EZYV23312,0
EZYV19243,0
EZYV22326,0
EZYV6457,1
EZYV3908,0
EZYV3378,0
EZYV18482,0
EZYV1407,0
EZYV21697,1
EZYV1366,0
EZYV14383,1
EZYV8525,1
EZYV11908,0
EZYV11282,0
EZYV10160,0
EZYV7783,0
EZYV5303,1
EZYV1637,1
EZYV16728,0
EZYV10776,0
EZYV23327,1
EZYV8127,0
EZYV16683,1
EZYV625,0
EZYV13172,0
EZYV15298,0
EZYV2325,0
EZYV4870,0
EZYV7698,1
EZYV3380,1
EZYV5670,0
EZYV20166,0
EZYV21900,0
EZYV24619,0
EZYV8103,0
EZYV14588,0
EZYV23191,0
EZYV18006,0
EZYV1716,0
EZYV11815,0
EZYV24831,0
EZYV11260,0
EZYV4294,0
EZYV14085,1
EZYV10513,0
EZYV11380,1
EZYV24532,0
EZYV11711,1
EZYV21244,0
EZYV21384,0
EZYV24065,0
EZYV19927,0
EZYV19327,0
EZYV9428,0
EZYV23605,0
EZYV17383,1
EZYV23862,0
EZYV19865,1
EZYV8974,1
EZYV14670,0
EZYV3091,1
EZYV11414,0
EZYV3815,1
EZYV20675,1
EZYV1445,0
EZYV8405,0
EZYV3712,0
EZYV18384,0
EZYV22875,0
EZYV14288,0
EZYV10638,0
EZYV15919,0
EZYV9819,0
EZYV24179,0
EZYV14546,1
EZYV9294,0
EZYV6713,0
EZYV10944,0
EZYV6168,0
EZYV10372,1
EZYV5815,0
EZYV9100,0
EZYV9868,0
EZYV7813,1
EZYV25268,0
EZYV8831,0
EZYV10718,0
EZYV6601,0
EZYV23020,0
EZYV16969,1
EZYV6287,0
EZYV5496,0
EZYV23930,0
EZYV3348,0
EZYV20677,0
EZYV5323,1
EZYV17248,0
EZYV13905,1
EZYV8543,0
EZYV23700,0
EZYV1029,0
EZYV15864,0
EZYV9321,0
EZYV17556,0
EZYV22217,0
EZYV4791,1
EZYV24670,0
EZYV9913,0
EZYV9732,0
EZYV3754,0
EZYV14172,0
EZYV2331,0
EZYV14598,0
EZYV877,1
EZYV19003,0
EZYV11732,0
EZYV18829,0
EZYV22407,0
EZYV15718,0
EZYV3950,0
EZYV386,0
EZYV18794,1
EZYV23251,0
EZYV25282,0
EZYV20250,0
EZYV112,0
EZYV10065,0
EZYV7806,1
EZYV19085,0
EZYV5296,1
EZYV22546,0
EZYV6333,0
EZYV23723,0
EZYV3654,1
EZYV10098,0
EZYV9805,0
EZYV24561,0
EZYV1957,0
EZYV5483,0
EZYV12117,0
EZYV10815,0
EZYV6688,1
EZYV22097,0
EZYV15715,1
EZYV14378,0
EZYV4418,0
EZYV7465,0
EZYV19311,0
EZYV3874,0
EZYV25135,0
EZYV22115,0
EZYV1655,0
EZYV612,0
EZYV21825,1
EZYV22811,0
EZYV9593,0
EZYV2539,0
EZYV9795,1
EZYV4792,0
EZYV23406,0
EZYV1969,0
EZYV12717,0
EZYV8780,0
EZYV23252,0
EZYV13338,0
EZYV16244,0
EZYV12542,0
EZYV22937,0
EZYV16250,0
EZYV8032,0
EZYV13328,0
EZYV15689,1
EZYV2709,0
EZYV17989,0
EZYV23206,0
EZYV14783,0
EZYV23344,0
EZYV8218,0
EZYV16753,1
EZYV20447,0
EZYV14403,1
EZYV6883,1
EZYV23160,1
EZYV12700,0
EZYV13902,0
EZYV13949,0
EZYV15875,1
EZYV24502,0
EZYV19546,0
EZYV7411,1
EZYV10170,0
EZYV5529,0
EZYV3673,0
EZYV7738,0
EZYV17483,0
EZYV7343,0
EZYV22310,0
EZYV4711,0
EZYV4099,0
EZYV15854,1
EZYV20469,0
EZYV12739,0
EZYV2348,1
EZYV7247,0
EZYV24470,0
EZYV6012,0
EZYV4686,0
EZYV6749,0
EZYV24585,0
EZYV331,0
EZYV12861,0
EZYV2218,1
EZYV8981,0
EZYV675,0
EZYV14570,0
EZYV5285,1
EZYV12715,0
EZYV6582,0
EZYV2273,0
EZYV2364,0
EZYV24986,0
EZYV10833,0
EZYV24169,1
EZYV1252,1
EZYV24059,0
EZYV9893,1
EZYV22481,1
EZYV7216,1
EZYV17132,1
EZYV3784,0
EZYV12416,0
EZYV1051,0
EZYV5020,0
EZYV7745,0
EZYV19134,0
EZYV6516,0
EZYV4816,0
EZYV25333,0
EZYV2270,0
EZYV17401,0
EZYV5974,0
EZYV9362,1
EZYV6064,0
EZYV16315,1
EZYV11808,1
EZYV22103,0
EZYV3406,0
EZYV14121,0
EZYV20632,0
EZYV25382,0
EZYV11159,1
EZYV22030,0
EZYV9102,0
EZYV10039,0
EZYV8886,1
EZYV6086,0
EZYV23598,0
EZYV15077,1
EZYV9464,0
EZYV21302,1
EZYV9008,0
EZYV18476,0
EZYV14057,0
EZYV2649,0
EZYV10185,0
EZYV13003,0
EZYV19451,0
EZYV22433,0
EZYV23407,1
EZYV11381,0
EZYV10778,1
EZYV21891,0
EZYV1417,0
EZYV13301,0
EZYV11366,0
EZYV16765,0
EZYV16839,0
EZYV2646,0
EZYV16686,0
EZYV7506,1
EZYV25094,0
EZYV6732,0
EZYV763,0
EZYV5573,0
EZYV15784,0
EZYV10312,0
EZYV14596,1
EZYV22396,0
EZYV1942,0
EZYV4873,0
EZYV25042,0
EZYV7040,0
EZYV20263,0
EZYV24083,1
EZYV456,0
EZYV8518,0
EZYV14742,1
EZYV16251,0
EZYV6078,0
EZYV24722,0
EZYV7811,1
EZYV7494,0
EZYV231,1
EZYV7029,1
EZYV7190,0
EZYV17133,1
EZYV18567,1
EZYV629,0
EZYV18748,0
EZYV8491,1
EZYV12952,0
EZYV10050,1
EZYV18088,0
EZYV9235,0
EZYV1452,1
EZYV13681,0
EZYV7590,0
EZYV21914,0
EZYV278,1
EZYV22009,0
EZYV16388,0
EZYV4903,0
EZYV21686,1
EZYV2154,0
EZYV7887,0
EZYV25231,0
EZYV20182,0
EZYV539,0
EZYV19038,1
EZYV1133,1
EZYV3016,0
EZYV20124,0
EZYV6289,1
EZYV12310,0
EZYV19765,0
EZYV11301,0
EZYV10725,0
EZYV5967,0
EZYV7767,0
EZYV20221,0
EZYV860,0
EZYV19436,1
EZYV24278,0
EZYV23115,0
EZYV20530,0
EZYV6703,0
EZYV19986,1
EZYV16209,1
EZYV21334,1
EZYV24378,0
EZYV23511,1
EZYV5002,0
EZYV24367,1
EZYV11902,0
EZYV14088,1
EZYV21370,0
EZYV12923,0
EZYV5697,0
EZYV12507,0
EZYV15360,0
EZYV24317,1
EZYV6675,1
EZYV8082,0
EZYV485,0
EZYV23086,0
EZYV8187,0
EZYV2590,1
EZYV21522,1
EZYV3795,0
EZYV3894,0
EZYV5497,1
EZYV20951,0
EZYV5148,1
EZYV220,0
EZYV4180,1
EZYV5595,0
EZYV15735,0
EZYV16478,0
EZYV24811,0
EZYV1394,1
EZYV15245,0
EZYV17223,0
EZYV15294,1
EZYV15817,0
EZYV13825,0
EZYV25200,0
EZYV18809,0
EZYV5242,0
EZYV15618,0
EZYV558,1
EZYV8482,0
EZYV8880,0
EZYV9486,0
EZYV3963,0
EZYV6179,0
EZYV9339,1
EZYV14005,0
EZYV8667,0
EZYV9473,1
EZYV211,0
EZYV11718,0
EZYV19574,0
EZYV4704,0
EZYV8651,1
EZYV3854,0
EZYV21065,1
EZYV4993,0
EZYV472,0
EZYV12832,0
EZYV22914,1
EZYV19411,1
EZYV20298,1
EZYV10617,0
EZYV19835,0
EZYV15097,1
EZYV4689,0
EZYV21758,0
EZYV24697,0
EZYV13303,0
EZYV20630,0
EZYV25419,0
EZYV10049,0
EZYV11485,0
EZYV7652,0
EZYV10556,0
EZYV13839,0
EZYV2265,0
EZYV13785,1
EZYV6033,0
EZYV12983,0
EZYV23603,0
EZYV13132,0
EZYV5159,1
EZYV3129,1
EZYV12193,0
EZYV7747,0
EZYV14649,0
EZYV2608,1
EZYV5847,0
EZYV25111,0
EZYV11030,0
EZYV17262,0
EZYV18377,1
EZYV21527,0
EZYV22651,0
EZYV12079,0
EZYV16746,0
EZYV17631,0
EZYV15801,0
EZYV3290,0
EZYV24161,0
EZYV14722,0
EZYV1202,0
EZYV19741,1
EZYV10762,0
EZYV16095,0
EZYV2963,1
EZYV12727,0
EZYV9067,0
EZYV15786,0
EZYV8114,1
EZYV6570,1
EZYV7354,1
EZYV23706,0
EZYV3459,0
EZYV14045,0
EZYV14639,0
EZYV17955,0
EZYV25048,1
EZYV19840,0
EZYV19196,0
EZYV11948,0
EZYV24069,0
EZYV20566,0
EZYV10752,0
EZYV21610,0
EZYV9770,1
EZYV23156,0
EZYV20788,0
EZYV8228,0
EZYV15641,1
EZYV20203,0
EZYV16762,0
EZYV12422,1
EZYV4880,1
EZYV15413,1
EZYV8587,0
EZYV701,0
EZYV21265,0
EZYV17476,0
EZYV124,0
EZYV18395,0
EZYV14158,0
EZYV12988,0
EZYV902,0
EZYV18062,0
EZYV1937,1
EZYV24943,0
EZYV15230,0
EZYV23803,0
EZYV300,0
EZYV17949,0
EZYV17475,0
EZYV10801,0
EZYV23295,0
EZYV8590,0
EZYV9158,0
EZYV9542,0
EZYV5390,1
EZYV23585,0
EZYV16235,1
EZYV15214,0
EZYV7527,0
EZYV1336,0
EZYV20744,0
EZYV24084,0
EZYV22113,0
EZYV18901,0
EZYV1383,0
EZYV17869,0
EZYV12606,0
EZYV1981,0
EZYV14730,0
EZYV21844,0
EZYV17992,0
EZYV25442,0
EZYV2978,0
EZYV4283,0
EZYV20930,1
EZYV15944,0
EZYV21539,0
EZYV8205,1
EZYV16872,0
EZYV16160,0
EZYV21863,1
EZYV23798,0
EZYV25171,0
EZYV16005,0
EZYV11274,0
EZYV18627,0
EZYV6142,0
EZYV4454,0
EZYV7707,0
EZYV6304,1
EZYV12047,1
EZYV22847,0
EZYV14148,0
EZYV5460,0
EZYV853,1
EZYV10054,0
EZYV3641,0
EZYV14344,0
EZYV13158,0
EZYV21929,1
EZYV20072,1
EZYV25476,0
EZYV9822,0
EZYV13763,1
EZYV11497,0
EZYV17746,0
EZYV13304,0
EZYV20157,0
EZYV24708,0
EZYV7682,1
EZYV14405,0
EZYV23177,0
EZYV5572,0
EZYV1914,0
EZYV14561,0
EZYV4616,0
EZYV11017,0
EZYV7364,1
EZYV8550,0
EZYV14090,0
EZYV7481,0
EZYV19110,0
EZYV5471,0
EZYV3372,0
EZYV12166,0
EZYV16569,0
EZYV10805,0
EZYV22670,1
EZYV13348,0
EZYV5800,0
EZYV1807,0
EZYV12394,1
EZYV9385,0
EZYV6206,0
EZYV18260,0
EZYV14794,1
EZYV1414,0
EZYV22566,1
EZYV6506,0
EZYV3752,0
EZYV1248,0
EZYV22305,0
EZYV21646,1
EZYV18548,1
EZYV8648,0
EZYV18651,0
EZYV441,0
EZYV16009,0
EZYV13859,0
EZYV20497,0
EZYV24668,0
EZYV2894,0
EZYV963,1
EZYV6031,0
EZYV23308,0
EZYV11572,1
EZYV17584,0
EZYV2793,1
EZYV9630,0
EZYV1787,1
EZYV13168,1
EZYV4427,0
EZYV3895,0
EZYV19453,0
EZYV23983,0
EZYV1250,0
EZYV16049,0
EZYV19307,0
EZYV294,0
EZYV12100,1
EZYV3764,0
EZYV24539,1
EZYV1171,0
EZYV18022,0
EZYV10249,0
EZYV12536,0
EZYV9122,0
EZYV19712,0
EZYV21777,1
EZYV12849,0
EZYV24196,1
EZYV20174,0
EZYV19180,1
EZYV10135,0
EZYV5684,0
EZYV24529,0
EZYV4243,0
EZYV10302,0
EZYV18076,0
EZYV5722,0
EZYV13880,1
EZYV17241,0
EZYV3158,0
EZYV217,0
EZYV5986,0
EZYV23290,0
EZYV14087,0
EZYV161,0
EZYV4721,0
EZYV24953,0
EZYV20787,0
EZYV4998,0
EZYV16214,0
EZYV5076,0
EZYV18467,0
EZYV5793,0
EZYV10601,0
EZYV8465,1
EZYV2122,0
EZYV20661,0
EZYV18713,0
EZYV8639,0
EZYV22454,0
EZYV19978,0
EZYV18715,0
EZYV12480,1
EZYV15815,0
EZYV14060,1
EZYV4811,0
EZYV15607,0
EZYV8109,0
EZYV5378,1
EZYV18228,0
EZYV21457,0
EZYV19229,0
EZYV1055,0
EZYV10339,1
EZYV1093,0
EZYV3991,0
EZYV2976,0
EZYV6488,0
EZYV9064,0
EZYV7757,0
EZYV10264,0
EZYV19070,0
EZYV23607,0
EZYV21139,0
EZYV12407,0
EZYV24949,0
EZYV23019,0
EZYV23889,0
EZYV10341,1
EZYV489,0
EZYV17258,0
EZYV4660,0
EZYV20396,0
EZYV16212,1
EZYV12585,0
EZYV17723,1
EZYV13313,0
EZYV19999,0
EZYV21263,0
EZYV20109,0
EZYV2372,1
EZYV1210,0
EZYV12297,1
EZYV16732,0
EZYV7344,1
EZYV12621,0
EZYV5957,1
EZYV11010,0
EZYV18152,0
EZYV13209,1
EZYV15014,0
EZYV18954,1
EZYV2380,0
EZYV13335,1
EZYV22797,0
EZYV7484,0
EZYV23679,1
EZYV24800,0
EZYV13630,0
EZYV18367,1
EZYV14111,1
EZYV4002,1
EZYV40,0
EZYV12014,0
EZYV25078,0
EZYV16543,0
EZYV14823,0
EZYV19444,1
EZYV11807,1
EZYV2179,1
EZYV19086,0
EZYV23013,0
EZYV11248,0
EZYV4590,1
EZYV5905,0
EZYV9606,0
EZYV10136,0
EZYV20726,0
EZYV12434,0
EZYV15712,1
EZYV13934,0
EZYV13482,0
EZYV17143,0
EZYV4656,0
EZYV1127,0
EZYV24817,0
EZYV13191,0
EZYV2165,0
EZYV21917,0
EZYV15558,0
EZYV964,0
EZYV21202,0
EZYV4691,1
EZYV12944,0
EZYV10828,0
EZYV14243,0
EZYV7083,0
EZYV2255,0
EZYV9821,1
EZYV1061,1
EZYV11156,0
EZYV13936,1
EZYV1889,0
EZYV24821,0
EZYV10219,0
EZYV8643,0
EZYV21023,1
EZYV4995,0
EZYV3104,0
EZYV3274,0
EZYV7194,0
EZYV22703,0
EZYV15862,0
EZYV20308,1
EZYV16022,0
EZYV792,1
EZYV9794,0
EZYV8706,0
EZYV2538,0
EZYV22864,0
EZYV18892,1
EZYV22570,0
EZYV5067,0
EZYV5244,0
EZYV20971,1
EZYV3229,0
EZYV4604,0
EZYV21549,0
EZYV6050,0
EZYV832,0
EZYV24866,0
EZYV23031,0
EZYV8396,0
EZYV24272,1
EZYV5317,0
EZYV2597,1
EZYV3772,0
EZYV1360,0
EZYV19959,0
EZYV12483,0
EZYV25374,0
EZYV14554,0
EZYV16410,0
EZYV18931,0
EZYV10272,0
EZYV983,1
EZYV9597,0
EZYV16048,0
EZYV23539,0
EZYV8796,0
EZYV24422,0
EZYV7562,0
EZYV19099,0
EZYV19369,0
EZYV10570,0
EZYV22320,0
EZYV20411,0
EZYV19348,0
EZYV8034,1
EZYV1665,0
EZYV9655,0
EZYV17547,1
EZYV4641,0
EZYV6788,0
EZYV4399,0
EZYV21979,1
EZYV10406,0
EZYV24184,0
EZYV19088,0
EZYV12918,0
EZYV18391,1
EZYV18785,0
EZYV16431,0
EZYV8876,0
EZYV9840,0
EZYV23573,0
EZYV24023,0
EZYV14750,0
EZYV10986,0
EZYV3381,1
EZYV19532,0
EZYV18790,0
EZYV17157,1
EZYV18288,0
EZYV23470,0
EZYV17800,0
EZYV5511,0
EZYV23540,0
EZYV14418,0
EZYV13084,0
EZYV23073,0
EZYV7847,0
EZYV377,0
EZYV2717,0
EZYV6071,1
EZYV2987,0
EZYV2261,0
EZYV1768,0
EZYV1353,0
EZYV8753,0
EZYV14916,1
EZYV13976,0
EZYV13856,1
EZYV23732,0
EZYV11604,0
EZYV2940,0
EZYV18642,0
EZYV16282,1
EZYV24855,0
EZYV12032,0
EZYV9494,0
EZYV4254,0
EZYV7915,1
EZYV23971,1
EZYV11903,0
EZYV21998,0
EZYV23766,1
EZYV17326,0
EZYV15930,0
EZYV5114,0
EZYV3375,0
EZYV20627,0
EZYV7642,0
EZYV3347,0
EZYV18021,0
EZYV11743,0
EZYV9439,0
EZYV5690,0
EZYV3881,0
EZYV14731,0
EZYV24887,1
EZYV8842,0
EZYV24945,0
EZYV24349,0
EZYV4009,1
EZYV178,0
EZYV5010,0
EZYV6778,1
EZYV8499,0
EZYV2060,0
EZYV7514,0
EZYV8700,1
EZYV16310,1
EZYV15287,0
EZYV10948,0
EZYV9611,0
EZYV6460,0
EZYV14764,0
EZYV3935,0
EZYV21949,0
EZYV22919,0
EZYV1498,1
EZYV11773,1
EZYV20864,1
EZYV16034,0
EZYV4485,0
EZYV12492,0
EZYV14877,0
EZYV23203,0
EZYV5386,1
EZYV5291,0
EZYV20372,0
EZYV565,0
EZYV21599,1
EZYV12936,1
EZYV12590,0
EZYV4578,0
EZYV2321,0
EZYV23941,1
EZYV264,0
EZYV5092,0
EZYV16305,0
EZYV4055,0
EZYV21195,0
EZYV22750,0
EZYV9021,1
EZYV24979,0
EZYV9637,0
EZYV19661,1
EZYV20102,0
EZYV10733,0
EZYV10764,0
EZYV14522,0
EZYV5222,1
EZYV23491,0
EZYV9932,1
EZYV6094,0
EZYV10930,0
EZYV18048,0
EZYV22691,1
EZYV19360,0
EZYV18475,0
EZYV5200,0
EZYV5392,0
EZYV18082,1
EZYV2606,1
EZYV11875,0
EZYV13709,0
EZYV9410,0
EZYV15206,0
EZYV20012,0
EZYV18540,0
EZYV22498,0
EZYV21555,0
EZYV2054,0
EZYV19097,0
EZYV11787,0
EZYV11217,0
EZYV1354,0
EZYV20483,1
EZYV6969,0
EZYV9582,0
EZYV6854,0
EZYV23501,0
EZYV22250,0
EZYV1907,1
EZYV2948,1
EZYV4039,0
EZYV12627,1
EZYV5264,0
EZYV20536,0
EZYV6893,0
EZYV10531,0
EZYV7716,0
EZYV16116,0
EZYV20280,0
EZYV18141,0
EZYV2592,0
EZYV7096,0
EZYV8602,0
EZYV2221,0
EZYV2089,0
EZYV8735,0
EZYV16929,0
EZYV21377,1
EZYV18527,0
EZYV17026,0
EZYV19874,1
EZYV14473,0
EZYV1271,0
EZYV6411,1
EZYV12460,0
EZYV14964,0
EZYV10792,0
EZYV8419,0
EZYV8824,0
EZYV5693,0
EZYV6973,1
EZYV1739,0
EZYV10352,0
EZYV1254,0
EZYV323,0
EZYV24441,1
EZYV3721,0
EZYV21854,0
EZYV11193,0
EZYV9569,1
EZYV11162,1
EZYV24276,0
EZYV4581,0
EZYV693,0
EZYV11769,0
EZYV17648,0
EZYV8609,0
EZYV21901,0
EZYV4071,0
EZYV658,0
EZYV9546,1
EZYV16490,0
EZYV23161,0
EZYV18566,0
EZYV21398,1
EZYV17529,0
EZYV10040,0
EZYV20172,0
EZYV22431,0
EZYV531,0
EZYV22006,0
EZYV10228,1
EZYV12265,0
EZYV464,0
EZYV22915,1
EZYV19422,0
EZYV829,0
EZYV20417,0
EZYV5596,1
EZYV2062,0
EZYV16430,0
EZYV11901,0
EZYV2947,0
EZYV5660,0
EZYV878,1
EZYV12281,0
EZYV10023,0
EZYV6936,1
EZYV2721,0
EZYV6637,0
EZYV19716,0
EZYV8332,0
EZYV12558,1
EZYV3625,0
EZYV10865,0
EZYV126,0
EZYV10674,0
EZYV20610,0
EZYV24882,0
EZYV2105,0
EZYV20580,1
EZYV13351,0
EZYV7341,0
EZYV18828,0
EZYV25240,0
EZYV14459,1
EZYV12623,0
EZYV13359,1
EZYV6052,0
EZYV21240,0
EZYV18637,0
EZYV3877,0
EZYV18293,0
EZYV24331,1
EZYV9453,0
EZYV11557,0
EZYV3716,0
EZYV11339,0
EZYV4237,0
EZYV21846,0
EZYV10590,0
EZYV7743,0
EZYV10809,0
EZYV19783,0
EZYV18613,1
EZYV2915,1
EZYV8957,0
EZYV14264,1
EZYV19830,0
EZYV4452,0
EZYV20146,0
EZYV228,0
EZYV3077,1
EZYV14157,0
EZYV6594,0
EZYV20305,0
EZYV11279,0
EZYV7351,1
EZYV3723,0
EZYV5538,0
EZYV20674,0
EZYV17768,0
EZYV19091,0
EZYV22272,0
EZYV15370,0
EZYV21341,0
EZYV10854,1
EZYV5795,0
EZYV9251,0
EZYV20357,0
EZYV4312,0
EZYV14129,1
EZYV22838,0
EZYV17413,0
EZYV15982,1
EZYV21308,0
EZYV6098,0
EZYV4342,0
EZYV17439,0
EZYV2407,0
EZYV6454,0
EZYV10123,0
EZYV23396,0
EZYV1996,0
EZYV11984,0
EZYV12740,0
EZYV21862,0
EZYV12769,0
EZYV20112,0
EZYV25180,1
EZYV14355,0
EZYV966,0
EZYV25287,0
EZYV22923,0
EZYV10841,1
EZYV12953,1
EZYV11148,0
EZYV6759,0
EZYV16558,0
EZYV11108,1
EZYV9624,0
EZYV25117,0
EZYV20123,0
EZYV14183,1
EZYV17743,1
EZYV5394,0
EZYV7281,0
EZYV3900,0
EZYV19250,0
EZYV10068,0
EZYV20106,0
EZYV11918,1
EZYV10749,1
EZYV19821,0
EZYV6264,1
EZYV1046,0
EZYV6127,0
EZYV9916,0
EZYV22046,0
EZYV11020,1
EZYV8160,0
EZYV3390,0
EZYV3521,0
EZYV14027,1
EZYV1266,0
EZYV23133,1
EZYV5469,0
EZYV5833,0
EZYV14463,0
EZYV19811,0
EZYV12037,1
EZYV6899,0
EZYV12183,0
EZYV24496,0
EZYV2537,0
EZYV12325,0
EZYV2706,0
EZYV2651,0
EZYV20624,0
EZYV9539,0
EZYV14688,0
EZYV632,0
EZYV2395,0
EZYV22791,1
EZYV7955,0
EZYV24183,0
EZYV12637,0
EZYV690,0
EZYV13162,1
EZYV25138,0
EZYV5899,0
EZYV22034,0
EZYV15311,0
EZYV1784,0
EZYV5622,0
EZYV25463,0
EZYV7688,0
EZYV22850,1
EZYV6638,1
EZYV2986,0
EZYV16934,0
EZYV11478,1
EZYV845,1
EZYV17896,1
EZYV21717,1
EZYV18137,0
EZYV5430,0
EZYV4158,1
EZYV5013,0
EZYV24517,0
EZYV11444,0
EZYV8662,0
EZYV8562,0
EZYV23785,0
EZYV24381,0
EZYV14982,0
EZYV14892,0
EZYV8338,1
EZYV9496,0
EZYV10747,1
EZYV24091,0
EZYV17138,0
EZYV19058,1
EZYV5945,1
EZYV2095,0
EZYV10369,1
EZYV21423,0
EZYV15609,0
EZYV25129,1
EZYV1089,0
EZYV2668,1
EZYV14226,0
EZYV6181,1
EZYV22175,0
EZYV4065,1
EZYV16332,1
EZYV10869,0
EZYV10472,0
EZYV5066,1
EZYV10035,0
EZYV9123,0
EZYV11862,0
EZYV18334,0
EZYV22683,0
EZYV13491,0
EZYV12009,0
EZYV1987,0
EZYV14026,1
EZYV2000,0
EZYV5374,1
EZYV12031,1
EZYV119,0
EZYV9270,0
EZYV19344,1
EZYV5532,0
EZYV6159,1
EZYV20274,0
EZYV22674,0
EZYV17942,0
EZYV2676,0
EZYV13951,1
EZYV12524,0
EZYV1844,0
EZYV18236,0
EZYV9635,0
EZYV4924,0
EZYV7907,0
EZYV19201,0
EZYV15251,0
EZYV16442,0
EZYV8295,0
EZYV7610,1
EZYV8583,1
EZYV24718,0
EZYV4430,0
EZYV5063,0
EZYV997,0
EZYV16745,0
EZYV6227,0
EZYV7996,0
EZYV17273,0
EZYV21913,0
EZYV3621,0
EZYV11957,0
EZYV5724,1
EZYV11723,0
EZYV15337,0
EZYV9900,1
EZYV10561,1
EZYV24492,0
EZYV18095,0
EZYV23059,0
EZYV04,1
EZYV11179,0
EZYV4285,0
EZYV9737,1
EZYV10890,1
EZYV18996,1
EZYV2405,0
EZYV16801,0
EZYV9545,0
EZYV24700,0
EZYV16418,0
EZYV10166,0
EZYV1101,0
EZYV12267,0
EZYV18532,0
EZYV9489,0
EZYV18902,1
EZYV3742,0
EZYV1415,0
EZYV21531,0
EZYV19555,0
EZYV9581,1
EZYV16633,0
EZYV442,0
EZYV2718,1
EZYV9992,0
EZYV5854,0
EZYV18065,1
EZYV3277,1
EZYV592,0
EZYV13900,1
EZYV25309,1
EZYV10861,0
EZYV18158,0
EZYV6017,0
EZYV18851,0
EZYV20176,0
EZYV12062,0
EZYV2131,1
EZYV17024,0
EZYV5787,0
EZYV608,1
EZYV7459,1
EZYV8455,0
EZYV2173,0
EZYV25386,0
EZYV1352,0
EZYV16889,0
EZYV8861,0
EZYV6258,1
EZYV14562,0
EZYV25345,1
EZYV20867,0
EZYV5474,0
EZYV460,0
EZYV19928,1
EZYV9095,1
EZYV5938,1
EZYV25047,0
EZYV12601,0
EZYV24220,1
EZYV17765,1
EZYV13385,0
EZYV19883,1
EZYV22749,0
EZYV21445,0
EZYV11266,0
EZYV8995,0
EZYV16574,0
EZYV830,0
EZYV21972,1
EZYV25436,0
EZYV9616,0
EZYV14032,0
EZYV11689,1
EZYV8144,0
EZYV10404,0
EZYV17843,0
EZYV14881,0
EZYV400,0
EZYV18027,0
EZYV16563,0
EZYV12851,0
EZYV19932,0
EZYV18259,0
EZYV18363,0
EZYV10557,0
EZYV9487,0
EZYV5645,1
EZYV3398,0
EZYV9523,0
EZYV17244,0
EZYV21890,0
EZYV12016,0
EZYV11534,1
EZYV14653,0
EZYV15658,1
EZYV9838,0
EZYV10800,0
EZYV19168,0
EZYV2529,0
EZYV21434,0
EZYV24701,0
EZYV21152,0
EZYV15514,1
EZYV6779,1
EZYV8290,0
EZYV3856,0
EZYV23494,0
EZYV6248,0
EZYV18020,1
EZYV25480,0
EZYV8028,1
EZYV13673,0
EZYV22883,0
EZYV12038,0
EZYV19686,0
EZYV128,0
EZYV4126,1
EZYV4303,0
EZYV5875,1
EZYV22872,0
EZYV25350,1
EZYV10959,0
EZYV1173,0
EZYV25075,1
EZYV1877,0
EZYV3261,0
EZYV9063,1
EZYV8540,0
EZYV12667,0
EZYV13483,0
EZYV14800,0
EZYV13893,0
EZYV12510,0
EZYV14315,1
EZYV10131,1
EZYV16705,0
EZYV4482,0
EZYV19973,1
EZYV13045,0
EZYV22386,0
EZYV24911,0
EZYV4155,0
EZYV23583,1
EZYV3352,1
EZYV10562,1
EZYV19913,0
EZYV23350,0
EZYV23216,1
EZYV25279,0
EZYV12630,0
EZYV8568,0
EZYV17616,1
EZYV8038,1
EZYV12432,1
EZYV731,0
EZYV7215,0
EZYV15518,1
EZYV5237,0
EZYV13182,1
EZYV15241,0
EZYV22645,0
EZYV20375,0
EZYV21892,1
EZYV12522,0
EZYV8407,1
EZYV5120,0
EZYV8121,0
EZYV15474,0
EZYV4681,0
EZYV20289,1
EZYV11170,0
EZYV19851,1
EZYV22469,1
EZYV24460,0
EZYV4271,1
EZYV19827,1
EZYV72,1
EZYV2914,0
EZYV22393,0
EZYV20952,1
EZYV1343,0
EZYV6632,0
EZYV11747,0
EZYV15248,0
EZYV19582,1
EZYV11149,0
EZYV5682,0
EZYV23232,0
EZYV7588,0
EZYV1657,0
EZYV20712,0
EZYV11762,0
EZYV5400,0
EZYV17162,0
EZYV23973,0
EZYV01,1
EZYV16068,1
EZYV17122,0
EZYV1481,0
EZYV10954,0
EZYV14579,1
EZYV11678,0
EZYV546,0
EZYV4683,0
EZYV10260,1
EZYV1940,0
EZYV22357,0
EZYV2965,0
EZYV1673,1
EZYV7966,0
EZYV21990,1
EZYV15179,0
EZYV8772,1
EZYV20912,0
EZYV17904,1
EZYV7622,0
EZYV15446,0
EZYV13104,1
EZYV15734,0
EZYV16628,0
EZYV13054,0
EZYV13453,0
EZYV5542,1
EZYV13697,0
EZYV15109,0
EZYV21452,1
EZYV12311,0
EZYV2172,1
EZYV22410,1
EZYV23945,0
EZYV12909,0
EZYV17230,1
EZYV24286,0
EZYV14702,0
EZYV7461,0
EZYV11734,0
EZYV17489,0
EZYV12684,1
EZYV14156,0
EZYV7578,0
EZYV13555,0
EZYV7092,1
EZYV12274,0
EZYV19646,0
EZYV15291,1
EZYV3990,0
EZYV1777,0
EZYV17395,0
EZYV7585,0
EZYV5228,1
EZYV16676,0
EZYV9845,0
EZYV8925,0
EZYV3045,0
EZYV14532,0
EZYV4079,0
EZYV5600,1
EZYV5969,0
EZYV11847,0
EZYV3827,0
EZYV16735,0
EZYV10894,0
EZYV6246,0
EZYV24675,1
EZYV10609,0
EZYV24825,0
EZYV12121,0
EZYV13540,0
EZYV7925,0
EZYV7569,0
EZYV9879,0
EZYV7884,0
EZYV19780,1
EZYV7916,0
EZYV22959,0
EZYV20119,1
EZYV8170,0
EZYV7511,0
EZYV2675,0
EZYV18679,0
EZYV2674,1
EZYV23336,1
EZYV6307,0
EZYV15201,1
EZYV4052,0
EZYV3346,0
EZYV14809,0
EZYV7706,1
EZYV18903,1
EZYV24644,0
EZYV13557,1
EZYV4827,0
EZYV23338,0
EZYV12611,0
EZYV7854,1
EZYV4458,1
EZYV22252,0
EZYV6935,1
EZYV13154,0
EZYV16587,0
EZYV9226,0
EZYV6120,0
EZYV16968,0
EZYV16434,1
EZYV25163,0
EZYV23069,0
EZYV16336,1
EZYV772,0
EZYV13160,0
EZYV1265,0
EZYV1082,0
EZYV20556,0
EZYV6938,0
EZYV5274,1
EZYV19858,0
EZYV2215,1
EZYV11919,0
EZYV10269,0
EZYV5720,1
EZYV12928,1
EZYV18497,0
EZYV17624,0
EZYV1683,0
EZYV3206,0
EZYV6738,0
EZYV10995,0
EZYV6945,0
EZYV21245,0
EZYV9853,1
EZYV8855,0
EZYV5470,1
EZYV17687,0
EZYV14216,0
EZYV12094,0
EZYV12213,0
EZYV3513,1
EZYV14416,0
EZYV17254,0
EZYV17622,0
EZYV14135,1
EZYV8848,0
EZYV15123,0
EZYV11011,0
EZYV15027,0
EZYV23035,0
EZYV13475,0
EZYV15866,0
EZYV16133,0
EZYV11856,0
EZYV10109,0
EZYV24909,0
EZYV24574,1
EZYV12481,0
EZYV7368,1
EZYV8767,0
EZYV23255,1
EZYV18212,0
EZYV20678,0
EZYV20974,0
EZYV17000,0
EZYV6989,0
EZYV13569,0
EZYV25040,1
EZYV227,0
EZYV23769,0
EZYV18966,1
EZYV4038,0
EZYV2701,1
EZYV25083,0
EZYV1494,0
EZYV2396,0
EZYV19569,0
EZYV14151,0
EZYV618,0
EZYV16188,0
EZYV24622,1
EZYV10880,0
EZYV15501,0
EZYV15424,0
EZYV20345,1
EZYV6666,1
EZYV11595,0
EZYV23640,1
EZYV5857,0
EZYV20412,0
EZYV7246,0
EZYV17755,1
EZYV12454,0
EZYV7609,0
EZYV8382,0
EZYV7764,0
EZYV17391,0
EZYV794,0
EZYV12931,0
EZYV9419,0
EZYV20569,0
EZYV10171,0
EZYV17951,1
EZYV20743,1
EZYV25036,0
EZYV20780,0
EZYV15770,0
EZYV21438,1
EZYV24248,1
EZYV7548,0
EZYV19061,0
EZYV22726,0
EZYV11125,0
EZYV1107,0
EZYV17056,0
EZYV23005,0
EZYV21713,0
EZYV23751,0
EZYV16906,1
EZYV17600,0
EZYV14479,0
EZYV24826,1
EZYV19766,0
EZYV17070,0
EZYV14435,0
EZYV13573,0
EZYV3475,1
EZYV14367,0
EZYV11518,1
EZYV22755,0
EZYV22917,0
EZYV6656,0
EZYV15054,0
EZYV7499,0
EZYV14048,0
EZYV12343,0
EZYV10585,0
EZYV23581,0
EZYV11376,0
EZYV5238,1
EZYV4855,0
EZYV20986,1
EZYV17457,0
EZYV7704,0
EZYV15193,0
EZYV3149,0
EZYV11203,0
EZYV11682,0
EZYV10715,0
EZYV22957,0
EZYV9980,0
EZYV17637,0
EZYV19499,1
EZYV11204,0
EZYV1405,0
EZYV2700,0
EZYV23950,0
EZYV17790,0
EZYV2106,0
EZYV16696,0
EZYV13533,1
EZYV5723,1
EZYV17492,0
EZYV7393,0
EZYV25320,0
EZYV9194,1
EZYV24813,0
EZYV15032,0
EZYV24500,0
EZYV15002,1
EZYV4396,1
EZYV6655,0
EZYV19759,1
EZYV25317,1
EZYV14131,0
EZYV3818,0
EZYV24717,0
EZYV5580,0
EZYV5072,0
EZYV8072,0
EZYV674,0
EZYV24989,0
EZYV24028,0
EZYV7631,1
EZYV15821,0
EZYV1351,0
EZYV7659,1
EZYV10179,1
EZYV14770,1
EZYV14948,0
EZYV2815,0
EZYV9815,0
EZYV24829,1
EZYV14013,0
EZYV5826,1
EZYV508,0
EZYV20219,0
EZYV16553,1
EZYV17104,0
EZYV13715,0
EZYV22547,0
EZYV7250,0
EZYV5997,0
EZYV6526,0
EZYV16312,0
EZYV9604,0
EZYV14634,0
EZYV11026,0
EZYV18782,1
EZYV17059,0
EZYV19540,1
EZYV15989,0
EZYV14022,0
EZYV21140,1
EZYV18841,1
EZYV2193,0
EZYV10100,0
EZYV2916,1
EZYV2047,0
EZYV11370,0
EZYV20450,0
EZYV16302,0
EZYV10750,0
EZYV10487,0
EZYV4229,0
EZYV17921,0
EZYV13153,1
EZYV1534,0
EZYV25236,0
EZYV6765,0
EZYV6783,0
EZYV14331,1
EZYV5404,0
EZYV16869,0
EZYV86,0
EZYV21375,0
EZYV8585,0
EZYV14587,1
EZYV23429,0
EZYV13041,0
EZYV19328,1
EZYV9203,0
EZYV6415,0
EZYV8849,0
EZYV22085,1
EZYV15584,0
EZYV10168,0
EZYV19181,1
EZYV15300,0
EZYV16162,0
EZYV15257,1
EZYV14998,0
EZYV15581,0
EZYV22086,0
EZYV22316,0
EZYV7790,0
EZYV18949,0
EZYV5337,0
EZYV14790,1
EZYV17418,0
EZYV20528,0
EZYV13643,0
EZYV12774,0
EZYV14353,0
EZYV19064,0
EZYV23908,0
EZYV14719,0
EZYV6505,0
EZYV13020,0
EZYV2807,0
EZYV16052,0
EZYV3555,1
EZYV21615,0
EZYV9551,0
EZYV22869,0
EZYV3349,0
EZYV15731,0
EZYV8507,0
EZYV16356,0
EZYV25401,1
EZYV3824,0
EZYV19880,0
EZYV7666,1
EZYV10994,1
EZYV7120,0
EZYV8350,0
EZYV23566,0
EZYV15999,0
EZYV3413,0
EZYV8506,0
EZYV242,0
EZYV24411,1
EZYV1526,1
EZYV13495,0
EZYV13778,0
EZYV20359,0
EZYV10001,1
EZYV18237,1
EZYV8854,0
EZYV5865,0
EZYV20353,0
EZYV6982,0
EZYV11278,0
EZYV11591,0
EZYV6777,1
EZYV16909,0
EZYV38,0
EZYV24834,0
EZYV11332,0
EZYV12096,1
EZYV6174,0
EZYV24477,0
EZYV10773,0
EZYV25378,1
EZYV3971,0
EZYV8561,0
EZYV2211,0
EZYV1559,0
EZYV7043,1
EZYV5802,1
EZYV2935,1
EZYV21812,1
EZYV1743,0
EZYV7423,0
EZYV2535,1
EZYV4503,0
EZYV21688,0
EZYV17377,0
EZYV24571,0
EZYV10978,0
EZYV3448,0
EZYV12244,0
EZYV14321,0
EZYV14475,0
EZYV141,0
EZYV4238,0
EZYV2681,0
EZYV17011,0
EZYV3917,0
EZYV14267,0
EZYV5443,0
EZYV25034,0
EZYV13220,1
EZYV10563,0
EZYV20668,0
EZYV6219,0
EZYV2293,0
EZYV18474,0
EZYV4310,1
EZYV3085,0
EZYV11991,1
EZYV13350,0
EZYV4671,0
EZYV22473,0
EZYV5710,1
EZYV22247,0
EZYV21395,0
EZYV16195,1
EZYV4850,0
EZYV13899,0
EZYV611,0
EZYV2623,0
EZYV19326,0
EZYV23044,1
EZYV12024,0
EZYV25226,0
EZYV17290,0
EZYV6972,0
EZYV13819,1
EZYV17387,1
EZYV11554,1
EZYV16816,0
EZYV3883,1
EZYV6420,1
EZYV6539,0
EZYV14860,0
EZYV7777,0
EZYV18509,1
EZYV14538,0
EZYV15738,0
EZYV18757,0
EZYV3156,1
EZYV16236,0
EZYV12470,1
EZYV19708,0
EZYV25082,0
EZYV23810,0
EZYV9544,0
EZYV11384,0
EZYV10356,0
EZYV6888,1
EZYV17981,1
EZYV21570,1
EZYV6603,0
EZYV12012,1
EZYV2454,1
EZYV23280,0
EZYV13352,1
EZYV23745,0
EZYV15189,0
EZYV11652,0
EZYV25269,0
EZYV5022,0
EZYV4270,1
EZYV8020,0
EZYV2313,0
EZYV4988,1
EZYV12198,0
EZYV22520,0
EZYV18111,0
EZYV3068,0
EZYV8544,0
EZYV11261,0
EZYV17695,1
EZYV21920,0
EZYV18231,1
EZYV7546,0
EZYV13837,1
EZYV13615,0
EZYV16342,0
EZYV22110,0
EZYV18724,0
EZYV12110,0
EZYV13804,0
EZYV19349,0
EZYV16542,0
EZYV16268,0
EZYV16272,0
EZYV12905,0
EZYV8333,0
EZYV6810,0
EZYV18177,0
EZYV6587,1
EZYV2150,0
EZYV24407,1
EZYV17982,0
EZYV122,1
EZYV12845,0
EZYV17972,0
EZYV19860,0
EZYV14159,0
EZYV9488,0
EZYV18301,0
EZYV10316,1
EZYV17397,0
EZYV2774,0
EZYV17621,1
EZYV7503,1
EZYV4974,0
EZYV17995,0
EZYV14436,0
EZYV11147,0
EZYV8196,0
EZYV7950,0
EZYV6150,0
EZYV11219,0
EZYV15797,0
EZYV6937,0
EZYV5589,0
EZYV4240,0
EZYV24165,0
EZYV12340,0
EZYV8048,0
EZYV20024,0
EZYV4762,1
EZYV15452,1
EZYV2085,1
EZYV7100,0
EZYV7784,0
EZYV4863,0
EZYV1013,1
EZYV21351,0
EZYV15744,0
EZYV23076,0
EZYV15135,0
EZYV16241,1
EZYV24546,0
EZYV17956,0
EZYV15942,1
EZYV24998,0
EZYV10687,0
EZYV3595,0
EZYV25122,0
EZYV6342,0
EZYV9461,0
EZYV17069,1
EZYV24843,0
EZYV9310,1
EZYV20093,0
EZYV17091,0
EZYV22248,0
EZYV7594,0
EZYV2429,0
EZYV15614,0
EZYV764,0
EZYV9459,0
EZYV9402,0
EZYV3177,0
EZYV13161,1
EZYV12729,0
EZYV5236,0
EZYV11690,0
EZYV15767,0
EZYV17851,1
EZYV14531,0
EZYV4089,0
EZYV12160,1
EZYV18791,1
EZYV6728,1
EZYV11746,0
EZYV25376,1
EZYV14066,0
EZYV5034,0
EZYV1749,0
EZYV921,0
EZYV13422,0
EZYV22759,0
EZYV11194,0
EZYV13,0
EZYV5335,1
EZYV8369,0
EZYV21396,0
EZYV15326,1
EZYV22584,0
EZYV9413,0
EZYV12061,0
EZYV2738,0
EZYV3193,1
EZYV8146,0
EZYV25222,0
EZYV22986,0
EZYV25174,0
EZYV15911,0
EZYV16831,0
EZYV14130,0
EZYV4860,0
EZYV12171,0
EZYV13903,0
EZYV17180,0
EZYV22713,1
EZYV2826,1
EZYV2292,0
EZYV18388,0
EZYV25116,1
EZYV22604,0
EZYV15996,1
EZYV5336,0
EZYV5158,0
EZYV22228,0
EZYV9757,0
EZYV13247,0
EZYV11462,1
EZYV4657,0
EZYV7080,0
EZYV23360,1
EZYV8896,0
EZYV11491,0
EZYV14067,1
EZYV24756,1
EZYV2513,1
EZYV3230,1
EZYV1304,1
EZYV22899,0
EZYV19325,0
EZYV22052,0
EZYV11695,1
EZYV11379,0
EZYV15694,0
EZYV7409,0
EZYV17151,0
EZYV9860,0
EZYV4650,0
EZYV11353,0
EZYV6117,0
EZYV14946,0
EZYV2476,0
EZYV13546,0
EZYV7818,0
EZYV8949,0
EZYV15198,1
EZYV20968,0
EZYV5055,0
EZYV6841,0
EZYV11139,1
EZYV23211,1
EZYV13396,0
EZYV12359,1
EZYV15927,1
EZYV17779,1
EZYV6441,0
EZYV19521,1
EZYV20042,0
EZYV18122,0
EZYV223,0
EZYV12619,0
EZYV17279,1
EZYV20869,1
EZYV16038,1
EZYV21260,0
EZYV15701,0
EZYV8728,0
EZYV15894,0
EZYV17051,0
EZYV11625,0
EZYV18917,0
EZYV16166,0
EZYV17957,0
EZYV23331,0
EZYV13399,0
EZYV8443,0
EZYV5373,0
EZYV25258,0
EZYV18418,0
EZYV17854,0
EZYV14211,0
EZYV5464,0
EZYV11200,0
EZYV7931,0
EZYV11873,0
EZYV19040,0
EZYV3299,1
EZYV23268,0
EZYV21320,0
EZYV17052,0
EZYV1123,0
EZYV11385,0
EZYV16621,1
EZYV21101,0
EZYV22984,0
EZYV6062,0
EZYV17602,0
EZYV15527,0
EZYV4946,0
EZYV19277,0
EZYV18274,1
EZYV9915,1
EZYV25346,0
EZYV19122,0
EZYV4871,1
EZYV19012,1
EZYV23182,0
EZYV18661,1
EZYV9319,0
EZYV22827,0
EZYV6968,1
EZYV22441,1
EZYV168,1
EZYV24050,1
EZYV2884,0
EZYV915,0
EZYV11276,1
EZYV20324,0
EZYV11797,0
EZYV16407,1
EZYV9051,0
EZYV3028,0
EZYV1519,0
EZYV64,0
EZYV7498,0
EZYV12396,0
EZYV8021,0
EZYV13855,0
EZYV2336,1
EZYV24122,1
EZYV12664,1
EZYV20336,0
EZYV25371,0
EZYV17246,0
EZYV15972,0
EZYV6929,0
EZYV19346,0
EZYV15409,0
EZYV18787,1
EZYV6430,0
EZYV1052,0
EZYV519,1
EZYV7930,0
EZYV15994,0
EZYV19357,1
EZYV4942,0
EZYV12093,1
EZYV19213,0
EZYV6007,1
EZYV17580,0
EZYV7265,0
EZYV11939,1
EZYV10784,0
EZYV16734,1
EZYV21043,1
EZYV1493,1
EZYV2697,1
EZYV19066,0
EZYV3195,0
EZYV14289,0
EZYV724,1
EZYV11346,0
EZYV12834,0
EZYV12816,0
EZYV13358,0
EZYV9292,0
EZYV21038,0
EZYV20115,0
EZYV18394,1
EZYV12426,0
EZYV10963,0
EZYV1486,1
EZYV23777,1
EZYV21319,1
EZYV19956,0
EZYV10540,0
EZYV3469,0
EZYV1767,1
EZYV239,0
EZYV23977,0
EZYV16138,0
EZYV10697,0
EZYV20198,0
EZYV2174,0
EZYV9905,0
EZYV2202,0
EZYV18417,0
EZYV15891,1
EZYV23224,0
EZYV2028,0
EZYV12412,1
EZYV2044,1
EZYV9718,0
EZYV7662,0
EZYV1150,0
EZYV20950,0
EZYV1931,0
EZYV1001,1
EZYV20128,0
EZYV4973,1
EZYV11440,0
EZYV9954,0
EZYV21992,0
EZYV6823,0
EZYV1172,0
EZYV12852,1
EZYV5041,0
EZYV9960,0
EZYV20573,0
EZYV4118,0
EZYV20014,0
EZYV25341,0
EZYV19416,0
EZYV1337,0
EZYV5135,1
EZYV20998,1
EZYV16157,0
EZYV19908,1
EZYV20282,0
EZYV24983,0
EZYV11354,0
EZYV12581,0
EZYV12256,0
EZYV12153,0
EZYV16345,0
EZYV15357,0
EZYV3781,0
EZYV18148,0
EZYV16814,0
EZYV24519,0
EZYV25347,1
EZYV2600,1
EZYV8739,0
EZYV2958,0
EZYV16650,0
EZYV4338,0
EZYV25132,0
EZYV11293,0
EZYV43,0
EZYV17676,0
EZYV17947,1
EZYV10394,0
EZYV4783,0
EZYV971,0
EZYV22710,0
EZYV18929,1
EZYV1903,0
EZYV12663,0
EZYV20625,0
EZYV10587,0
EZYV280,1
EZYV15403,0
EZYV2147,0
EZYV25445,0
EZYV10835,0
EZYV23288,0
EZYV4786,0
EZYV21636,0
EZYV8088,0
EZYV25304,0
EZYV20521,0
EZYV2967,0
EZYV23066,1
EZYV14317,0
EZYV10793,0
EZYV10868,0
EZYV11777,0
EZYV6475,1
EZYV2863,1
EZYV20735,0
EZYV15857,0
EZYV1372,0
EZYV575,0
EZYV3735,0
EZYV17150,0
EZYV23609,1
EZYV25329,0
EZYV20047,0
EZYV18808,0
EZYV4518,1
EZYV1524,0
EZYV12463,0
EZYV22463,1
EZYV17214,0
EZYV20691,0
EZYV10657,0
EZYV776,0
EZYV18089,0
EZYV18682,0
EZYV8120,0
EZYV8248,0
EZYV12672,0
EZYV15465,0
EZYV6191,1
EZYV15010,0
EZYV22187,1
EZYV15589,0
EZYV10496,1
EZYV14569,0
EZYV11636,0
EZYV5341,0
EZYV8182,0
EZYV3552,0
EZYV6361,0
EZYV8055,0
EZYV20927,0
EZYV1778,0
EZYV24400,0
EZYV16862,0
EZYV18328,0
EZYV22354,0
EZYV3933,0
EZYV2641,1
EZYV24567,0
EZYV12526,0
EZYV15368,0
EZYV21888,0
EZYV19920,0
EZYV6459,1
EZYV21246,0
EZYV23602,0
EZYV5943,1
EZYV3240,0
EZYV8277,0
EZYV11617,1
EZYV14298,0
EZYV24837,0
EZYV9907,0
EZYV23131,0
EZYV21409,0
EZYV1850,0
EZYV20011,0
EZYV15882,1
EZYV19242,1
EZYV24540,1
EZYV19301,0
EZYV1285,0
EZYV4513,0
EZYV16233,0
EZYV17709,1
EZYV2201,0
EZYV10130,1
EZYV602,0
EZYV16805,1
EZYV14952,0
EZYV9032,0
EZYV12456,1
EZYV5406,0
EZYV14262,0
EZYV2399,0
EZYV6586,0
EZYV6030,0
EZYV6958,0
EZYV9513,0
EZYV11942,0
EZYV18305,0
EZYV909,0
EZYV6956,0
EZYV8527,1
EZYV4800,0
EZYV21322,0
EZYV4404,0
EZYV7404,1
EZYV15539,0
EZYV20936,0
EZYV23806,0
EZYV17076,0
EZYV2634,0
EZYV23838,0
EZYV7452,1
EZYV16953,0
EZYV24558,0
EZYV20549,1
EZYV23415,1
EZYV23195,0
EZYV16254,0
EZYV24325,0
EZYV3394,0
EZYV23083,0
EZYV20764,0
EZYV12982,1
EZYV8953,0
EZYV842,1
EZYV9851,0
EZYV20776,0
EZYV18953,0
EZYV22822,0
EZYV12209,1
EZYV20436,1
EZYV11874,1
EZYV12789,0
EZYV12429,0
EZYV10087,0
EZYV5702,0
EZYV23782,0
EZYV12250,0
EZYV17085,0
EZYV12095,0
EZYV12734,0
EZYV10524,0
EZYV14100,0
EZYV18927,0
EZYV19869,0
EZYV13333,0
EZYV21880,0
EZYV22718,1
EZYV12602,0
EZYV22015,0
EZYV1647,0
EZYV19650,0
EZYV622,0
EZYV18767,0
EZYV19183,0
EZYV24652,0
EZYV24174,1
EZYV3719,0
EZYV20876,0
EZYV5029,0
EZYV1660,0
EZYV3466,1
EZYV20791,0
EZYV23870,0
EZYV11093,0
EZYV10499,1
EZYV2781,0
EZYV21927,0
EZYV12075,1
EZYV18402,0
EZYV4493,1
EZYV11681,0
EZYV18113,0
EZYV2465,0
EZYV25061,0
EZYV2666,0
EZYV5490,0
EZYV14180,0
EZYV15611,0
EZYV17218,1
EZYV22795,0
EZYV292,1
EZYV11553,0
EZYV8336,0
EZYV20338,0
EZYV10132,0
EZYV15015,0
EZYV5933,0
EZYV12891,0
EZYV17134,1
EZYV20615,0
EZYV15354,1
EZYV7220,0
EZYV1169,0
EZYV11768,0
EZYV18922,1
EZYV10510,1
EZYV18297,0
EZYV7903,0
EZYV18180,1
EZYV409,0
EZYV11909,0
EZYV1083,0
EZYV19657,0
EZYV10780,0
EZYV24856,0
EZYV10378,0
EZYV16473,1
EZYV23791,0
EZYV4391,1
EZYV10744,0
EZYV1382,1
EZYV17890,0
EZYV13403,1
EZYV6272,0
EZYV24395,1
EZYV7634,0
EZYV19048,0
EZYV9088,1
EZYV6329,0
EZYV17496,0
EZYV14453,1
EZYV6445,1
EZYV11249,0
EZYV10164,1
EZYV10886,0
EZYV20758,0
EZYV10622,0
EZYV13952,1
EZYV13081,0
EZYV22157,0
EZYV22114,1
EZYV8902,0
EZYV24602,1
EZYV22291,0
EZYV3525,0
EZYV6009,0
EZYV24589,0
EZYV2526,1
EZYV16311,0
EZYV3992,1
EZYV20452,1
EZYV7939,0
EZYV3370,0
EZYV12391,0
EZYV22050,0
EZYV20885,1
EZYV13287,0
EZYV5382,0
EZYV6959,0
EZYV6090,0
EZYV22913,1
EZYV9140,0
EZYV8345,0
EZYV22549,0
EZYV17927,0
EZYV3682,0
EZYV12187,0
EZYV1721,0
EZYV2433,0
EZYV24453,0
EZYV22213,1
EZYV24724,0
EZYV22831,0
EZYV8050,1
EZYV14160,1
EZYV2195,0
EZYV14580,0
EZYV15183,0
EZYV17097,0
EZYV6674,0
EZYV10359,0
EZYV12957,0
EZYV15923,1
EZYV14507,0
EZYV16663,0
EZYV13346,0
EZYV22638,0
EZYV21633,0
EZYV13796,0
EZYV13679,0
EZYV2181,0
EZYV18300,0
EZYV17870,1
EZYV24481,0
EZYV15498,0
EZYV13632,0
EZYV6386,0
EZYV22886,1
EZYV8307,1
EZYV11963,0
EZYV23363,0
EZYV6357,0
EZYV20094,1
EZYV14931,0
EZYV8665,1
EZYV2920,0
EZYV12857,1
EZYV446,0
EZYV13972,0
EZYV13360,0
EZYV5202,0
EZYV7822,0
EZYV21793,0
EZYV7052,1
EZYV15764,0
EZYV11691,0
EZYV14016,0
EZYV19386,0
EZYV25107,0
EZYV19113,0
EZYV24336,0
EZYV20697,1
EZYV21054,0
EZYV23981,0
EZYV19149,0
EZYV19193,0
EZYV21315,1
EZYV13254,0
EZYV495,1
EZYV10016,0
EZYV22970,0
EZYV5931,0
EZYV21050,0
EZYV11409,0
EZYV13779,0
EZYV1039,0
EZYV4926,0
EZYV10221,0
EZYV3984,1
EZYV11316,0
EZYV5138,0
EZYV10271,0
EZYV11537,0
EZYV16867,0
EZYV14472,0
EZYV15398,0
EZYV7372,0
EZYV9588,0
EZYV12150,0
EZYV4688,1
EZYV15143,0
EZYV1780,1
EZYV11084,0
EZYV10042,1
EZYV19749,1
EZYV8603,0
EZYV24863,0
EZYV9040,0
EZYV24934,0
EZYV18506,0
EZYV5360,0
EZYV14322,0
EZYV22494,1
EZYV7736,0
EZYV5798,0
EZYV3116,0
EZYV19075,0
EZYV344,0
EZYV3522,1
EZYV22715,0
EZYV2185,0
EZYV959,0
EZYV8204,1
EZYV12817,0
EZYV20421,0
EZYV24667,0
EZYV21391,0
EZYV8118,0
EZYV19628,0
EZYV13363,0
EZYV24709,0
EZYV23669,0
EZYV22865,1
EZYV9348,0
EZYV24264,0
EZYV4912,0
EZYV15659,0
EZYV16107,0
EZYV10492,0
EZYV3669,0
EZYV7134,0
EZYV13227,1
EZYV21040,1
EZYV17998,0
EZYV12569,0
EZYV17074,0
EZYV21208,1
EZYV2796,0
EZYV10807,0
EZYV19816,0
EZYV10739,0
EZYV6355,0
EZYV22164,1
EZYV24878,0
EZYV14465,0
EZYV22989,0
EZYV22381,0
EZYV5351,0
EZYV2363,0
EZYV21053,0
EZYV8005,0
EZYV21447,0
EZYV9376,0
EZYV17449,0
EZYV16492,0
EZYV14099,0
EZYV24131,0
EZYV20386,1
EZYV2872,0
EZYV2237,0
EZYV15256,1
EZYV22905,1
EZYV8666,1
EZYV21978,0
EZYV21088,0
EZYV6382,0
EZYV4366,1
EZYV21718,1
EZYV13098,0
EZYV6735,0
EZYV24209,0
EZYV20224,0
EZYV19373,0
EZYV14265,0
EZYV8358,0
EZYV4619,1
EZYV2308,0
EZYV1033,0
EZYV1658,0
EZYV19562,0
EZYV22592,0
EZYV16847,0
EZYV14691,0
EZYV15461,0
EZYV24078,0
EZYV24295,1
EZYV6774,1
EZYV13744,0
EZYV22406,0
EZYV8260,0
EZYV17482,0
EZYV13625,1
EZYV18658,0
EZYV10118,1
EZYV22037,0
EZYV16273,1
EZYV6569,0
EZYV8567,0
EZYV23897,0
EZYV21906,1
EZYV8685,0
EZYV22517,1
EZYV10421,0
EZYV9543,0
EZYV21028,0
EZYV11661,0
EZYV12964,1
EZYV6232,0
EZYV20304,0
EZYV8505,0
EZYV3031,0
EZYV20428,0
EZYV2586,1
EZYV15657,1
EZYV5952,0
EZYV9358,0
EZYV11013,0
EZYV22596,0
EZYV499,1
EZYV19474,0
EZYV25074,0
EZYV4815,0
EZYV19988,1
EZYV15664,0
EZYV13942,0
EZYV370,0
EZYV5661,0
EZYV5053,1
EZYV2599,1
EZYV5482,0
EZYV9066,1
EZYV17402,0
EZYV21280,1
EZYV25097,1
EZYV20512,0
EZYV18965,0
EZYV6787,0
EZYV15795,0
EZYV4627,0
EZYV17286,0
EZYV22940,1
EZYV22866,0
EZYV18160,0
EZYV14345,0
EZYV938,1
EZYV6999,0
EZYV4731,0
EZYV25242,1
EZYV18945,1
EZYV18072,0
EZYV17328,0
EZYV16144,0
EZYV7653,0
EZYV23184,0
EZYV4712,0
EZYV22116,0
EZYV1140,0
EZYV12880,0
EZYV702,1
EZYV15139,0
EZYV14759,0
EZYV15571,0
EZYV25233,0
EZYV20240,0
EZYV22690,0
EZYV11563,0
EZYV8610,0
EZYV11542,0
EZYV7624,0
EZYV9789,0
EZYV19696,0
EZYV18967,0
EZYV15069,0
EZYV4381,0
EZYV21000,0
EZYV16572,0
EZYV13727,0
EZYV2694,0
EZYV530,1
EZYV24575,0
EZYV3864,0
EZYV1823,0
EZYV9772,1
EZYV14533,0
EZYV24473,0
EZYV18577,0
EZYV22099,0
EZYV8377,0
EZYV19876,0
EZYV22735,0
EZYV12239,0
EZYV23873,0
EZYV13459,0
EZYV2740,0
EZYV3032,1
EZYV3451,0
EZYV9372,1
EZYV1858,0
EZYV15309,1
EZYV680,1
EZYV813,1
EZYV4214,0
EZYV21743,0
EZYV8149,0
EZYV9863,0
EZYV16967,1
EZYV3134,0
EZYV8556,0
EZYV18215,0
EZYV510,1
EZYV31,0
EZYV24503,1
EZYV12960,0
EZYV15380,0
EZYV5549,0
EZYV4117,1
EZYV4507,0
EZYV24097,1
EZYV17192,1
EZYV14737,0
EZYV1264,0
EZYV89,1
EZYV9124,0
EZYV8417,1
EZYV758,0
EZYV12387,0
EZYV16317,1
EZYV7719,1
EZYV5721,1
EZYV17618,0
EZYV11176,1
EZYV3379,0
EZYV5671,0
EZYV11245,0
EZYV10415,0
EZYV22941,0
EZYV20243,0
EZYV479,0
EZYV783,0
EZYV3037,0
EZYV24883,0
EZYV5642,1
EZYV19957,0
EZYV3704,1
EZYV5188,0
EZYV8065,1
EZYV8729,0
EZYV14723,1
EZYV12364,0
EZYV4510,0
EZYV9154,0
EZYV15958,0
EZYV808,0
EZYV23110,0
EZYV19041,0
EZYV48,0
EZYV24025,1
EZYV13580,0
EZYV10464,0
EZYV14611,0
EZYV24103,0
EZYV6804,1
EZYV17733,0
EZYV16176,0
EZYV10631,0
EZYV19450,0
EZYV16019,0
EZYV16517,0
EZYV9447,1
EZYV19568,0
EZYV6772,1
EZYV9878,1
EZYV6081,1
EZYV18359,0
EZYV16860,1
EZYV2242,0
EZYV14460,0
EZYV3060,1
EZYV17057,0
EZYV3289,0
EZYV21515,1
EZYV17036,0
EZYV12999,0
EZYV18517,1
EZYV2645,0
EZYV15806,0
EZYV25009,0
EZYV25002,0
EZYV6996,0
EZYV3480,0
EZYV793,0
EZYV18360,1
EZYV20611,0
EZYV6679,0
EZYV1376,1
EZYV1802,0
EZYV4852,0
EZYV577,0
EZYV18269,1
EZYV8143,1
EZYV5198,0
EZYV19253,0
EZYV20039,0
EZYV24277,0
EZYV24651,1
EZYV15497,0
EZYV4715,0
EZYV2022,1
EZYV10640,0
EZYV24925,0
EZYV12806,0
EZYV22231,1
EZYV18640,0
EZYV7278,0
EZYV9873,0
EZYV15714,0
EZYV14266,0
EZYV3884,1
EZYV2760,0
EZYV16971,1
EZYV14037,0
EZYV5740,1
EZYV15335,0
EZYV15563,0
EZYV22436,0
EZYV7845,0
EZYV2713,0
EZYV12495,0
EZYV20854,1
EZYV3017,0
EZYV12335,0
EZYV14224,0
EZYV23735,0
EZYV13956,0
EZYV1697,0
EZYV4889,0
EZYV4527,1
EZYV24967,0
EZYV20870,0
EZYV25379,0
EZYV20578,0
EZYV8054,0
EZYV7564,0
EZYV7531,1
EZYV19043,0
EZYV1664,0
EZYV14870,1
EZYV2091,0
EZYV20312,0
EZYV18950,0
EZYV10300,0
EZYV11728,0
EZYV21316,1
EZYV19505,0
EZYV22569,0
EZYV23375,0
EZYV14491,0
EZYV22802,0
EZYV18279,1
EZYV17633,0
EZYV10637,0
EZYV24064,0
EZYV5500,0
EZYV15963,1
EZYV7018,1
EZYV1621,0
EZYV7526,0
EZYV16460,0
EZYV2109,0
EZYV5157,0
EZYV8718,1
EZYV3476,1
EZYV5182,0
EZYV10431,0
EZYV12089,1
EZYV3700,0
EZYV15160,0
EZYV13851,0
EZYV10199,1
EZYV63,1
EZYV14520,1
EZYV1488,0
EZYV5996,0
EZYV2458,1
EZYV19653,0
EZYV13127,0
EZYV24458,0
EZYV5782,0
EZYV12240,0
EZYV22467,0
EZYV19589,0
EZYV15264,0
EZYV1238,0
EZYV10991,0
EZYV7069,1
EZYV16196,0
EZYV21376,1
EZYV13087,0
EZYV3315,1
EZYV8371,0
EZYV9131,0
EZYV11487,0
EZYV15812,1
EZYV9600,0
EZYV10600,0
EZYV15273,1
EZYV17785,0
EZYV13811,0
EZYV9150,0
EZYV8053,0
EZYV20942,0
EZYV4103,1
EZYV1311,0
EZYV1680,0
EZYV7993,0
EZYV17753,0
EZYV18827,0
EZYV25219,1
EZYV13270,0
EZYV24836,0
EZYV5246,0
EZYV14869,0
EZYV25295,0
EZYV649,0
EZYV10392,0
EZYV7006,0
EZYV9097,0
EZYV4851,1
EZYV21143,1
EZYV22790,0
EZYV12444,0
EZYV18754,0
EZYV24147,1
EZYV21160,0
EZYV21068,0
EZYV13299,0
EZYV22933,0
EZYV23927,0
EZYV6714,0
EZYV5312,1
EZYV18844,0
EZYV11607,0
EZYV5781,0
EZYV25288,1
EZYV13072,0
EZYV16255,0
EZYV6538,1
EZYV12449,0
EZYV21004,0
EZYV4324,1
EZYV5891,0
EZYV13259,0
EZYV2742,0
EZYV21851,0
EZYV13055,0
EZYV14236,0
EZYV9894,0
EZYV22836,0
EZYV20751,0
EZYV20937,1
EZYV9679,1
EZYV9476,0
EZYV8001,1
EZYV19050,0
EZYV23658,0
EZYV22168,0
EZYV14594,0
EZYV17009,0
EZYV17527,0
EZYV19676,0
EZYV666,0
EZYV20188,1
EZYV16266,0
EZYV656,0
EZYV493,1
EZYV18858,0
EZYV22676,0
EZYV21519,1
EZYV25207,0
EZYV21635,0
EZYV5301,0
EZYV5831,1
EZYV6021,0
EZYV17815,0
EZYV12226,0
EZYV390,0
EZYV14975,0
EZYV18910,0
EZYV14001,0
EZYV16823,1
EZYV16924,0
EZYV11655,0
EZYV744,0
EZYV6583,1
EZYV23461,0
EZYV16668,0
EZYV4979,0
EZYV23478,0
EZYV7708,1
EZYV17385,0
EZYV4666,0
EZYV1438,0
EZYV22769,0
EZYV3310,0
EZYV24885,0
EZYV1522,0
EZYV17673,1
EZYV8280,0
EZYV19461,0
EZYV13204,0
EZYV670,0
EZYV13869,0
EZYV21147,0
EZYV3859,1
EZYV23632,1
EZYV9259,0
EZYV2615,0
EZYV1020,0
EZYV14125,0
EZYV23074,0
EZYV21024,0
EZYV10071,1
EZYV1916,0
EZYV24008,0
EZYV8064,1
EZYV7460,0
EZYV17841,0
EZYV14024,0
EZYV19210,0
EZYV10737,0
EZYV11188,0
EZYV20048,1
EZYV11679,0
EZYV10366,0
EZYV11426,0
EZYV24584,0
EZYV13057,0
EZYV18046,0
EZYV5369,0
EZYV3837,0
EZYV13046,0
EZYV5862,0
EZYV20222,0
EZYV19586,0
EZYV8744,0
EZYV6188,1
EZYV16408,0
EZYV15148,0
EZYV9938,0
EZYV4560,0
EZYV4449,1
EZYV8489,1
EZYV6556,1
EZYV2766,0
EZYV19046,0
EZYV3842,0
EZYV4329,0
EZYV24613,0
EZYV15510,0
EZYV8008,0
EZYV12920,1
EZYV9222,0
EZYV7542,0
EZYV16853,0
EZYV8119,1
EZYV15506,1
EZYV328,0
EZYV13460,0
EZYV7192,0
EZYV21275,0
EZYV12005,0
EZYV19249,1
EZYV10137,0
EZYV8122,0
EZYV13088,0
EZYV14959,0
EZYV18031,1
EZYV15550,0
EZYV17236,0
EZYV6610,0
EZYV13537,0
EZYV12968,0
EZYV885,0
EZYV2737,0
EZYV691,1
EZYV1944,0
EZYV2477,1
EZYV4589,0
EZYV9785,0
EZYV13071,1
EZYV13551,0
EZYV22928,0
EZYV11752,0
EZYV10058,0
EZYV21849,1
EZYV17717,0
EZYV2197,1
EZYV7273,0
EZYV3640,0
EZYV18136,0
EZYV3531,0
EZYV5447,1
EZYV8478,0
EZYV7338,0
EZYV75,0
EZYV6653,0
EZYV11602,0
EZYV23811,1
EZYV4459,0
EZYV19288,0
EZYV19251,1
EZYV14287,0
EZYV25466,1
EZYV6354,1
EZYV10678,0
EZYV8939,0
EZYV8066,1
EZYV22540,0
EZYV18018,1
EZYV24409,1
EZYV3828,0
EZYV12174,0
EZYV21134,0
EZYV6886,0
EZYV5780,0
EZYV12844,0
EZYV16840,0
EZYV15858,1
EZYV7318,1
EZYV8557,0
EZYV5421,0
EZYV1409,1
EZYV14732,0
EZYV1261,0
EZYV566,1
EZYV8418,1
EZYV23874,1
EZYV22032,0
EZYV18314,1
EZYV3896,1
EZYV12135,0
EZYV12831,0
EZYV21669,0
EZYV12505,1
EZYV721,0
EZYV18690,1
EZYV22708,0
EZYV14222,0
EZYV16570,0
EZYV16258,0
EZYV14434,0
EZYV15575,0
EZYV7089,0
EZYV12001,0
EZYV9450,0
EZYV7787,0
EZYV24661,1
EZYV1518,0
EZYV6859,1
EZYV10399,0
EZYV18023,0
EZYV18912,0
EZYV15246,0
EZYV8766,1
EZYV20135,0
EZYV25266,0
EZYV23185,0
EZYV14814,1
EZYV24329,0
EZYV8073,0
EZYV2813,0
EZYV21928,0
EZYV4345,0
EZYV15312,0
EZYV20071,0
EZYV3125,1
EZYV6374,0
EZYV9089,0
EZYV20570,0
EZYV7268,0
EZYV19385,0
EZYV19294,0
EZYV20081,0
EZYV3142,0
EZYV18253,1
EZYV14162,0
EZYV22359,0
EZYV21826,1
EZYV12671,0
EZYV21397,0
EZYV11555,1
EZYV14009,0
EZYV17787,1
EZYV19475,0
EZYV16785,0
EZYV13766,0
EZYV21118,1
EZYV21475,0
EZYV16018,0
EZYV4377,1
EZYV1883,0
EZYV12721,0
EZYV22902,0
EZYV8582,0
EZYV102,0
EZYV19799,1
EZYV13967,0
EZYV17410,0
EZYV18723,1
EZYV10866,0
EZYV3745,0
EZYV1016,0
EZYV19807,0
EZYV13959,0
EZYV3445,0
EZYV23492,0
EZYV17121,0
EZYV22062,0
EZYV17071,0
EZYV16970,0
EZYV3053,0
EZYV16174,1
EZYV19009,0
EZYV8063,1
EZYV5446,0
EZYV24141,0
EZYV12959,0
EZYV22714,1
EZYV15716,1
EZYV22464,0
EZYV12633,0
EZYV22660,0
EZYV3099,0
EZYV23271,0
EZYV7896,0
EZYV11583,0
EZYV492,1
EZYV1160,0
EZYV15429,0
EZYV22621,0
EZYV4460,0
EZYV5655,0
EZYV22784,0
EZYV9277,0
EZYV9093,0
EZYV13323,1
EZYV24928,1
EZYV2156,0
EZYV19462,0
EZYV15028,0
EZYV13114,0
EZYV16812,1
EZYV145,0
EZYV22633,1
EZYV490,0
EZYV6856,1
EZYV14591,0
EZYV24377,0
EZYV10343,1
EZYV11486,0
EZYV15932,0
EZYV15526,0
EZYV578,0
EZYV13281,0
EZYV24095,0
EZYV14808,0
EZYV17028,1
EZYV6819,0
EZYV20811,0
EZYV3910,1
EZYV16471,0
EZYV4309,0
EZYV19757,0
EZYV13435,0
EZYV23552,0
EZYV4073,0
EZYV13687,1
EZYV18628,0
EZYV18003,0
EZYV9477,0
EZYV7395,0
EZYV13624,0
EZYV5942,1
EZYV12871,0
EZYV22555,0
EZYV15455,0
EZYV455,0
EZYV2648,0
EZYV8181,1
EZYV14978,0
EZYV6311,0
EZYV18401,0
EZYV24287,1
EZYV4494,0
EZYV16216,0
EZYV24341,0
EZYV19981,0
EZYV23597,1
EZYV970,0
EZYV21345,1
EZYV18190,0
EZYV6676,0
EZYV11453,0
EZYV15381,0
EZYV8922,1
EZYV21858,0
EZYV10521,0
EZYV4868,0
EZYV13031,0
EZYV6292,1
EZYV4981,0
EZYV13174,0
EZYV11126,1
EZYV4076,0
EZYV943,1
EZYV5123,1
EZYV18897,0
EZYV7493,0
EZYV15988,0
EZYV21899,0
EZYV3814,0
EZYV10605,0
EZYV14600,0
EZYV20520,0
EZYV6358,1
EZYV17555,0
EZYV20068,1
EZYV14796,0
EZYV21756,0
EZYV15026,1
EZYV18187,0
EZYV17866,0
EZYV1791,1
EZYV22497,1
EZYV22159,0
EZYV11526,1
EZYV4825,0
EZYV22611,1
EZYV24080,0
EZYV6918,0
EZYV14376,0
EZYV13564,0
EZYV22527,0
EZYV15458,1
EZYV4328,0
EZYV9059,0
EZYV8559,0
EZYV3463,0
EZYV19501,1
EZYV5151,1
EZYV7523,0
EZYV16015,0
EZYV23438,0
EZYV9642,0
EZYV20875,1
EZYV21805,1
EZYV21156,0
EZYV19736,0
EZYV4172,0
EZYV4552,1
EZYV15454,1
EZYV19895,0
EZYV11509,0
EZYV24011,0
EZYV5173,0
EZYV23885,0
EZYV5949,0
EZYV9744,1
EZYV9975,0
EZYV15216,0
EZYV12867,1
EZYV18451,0
EZYV25230,1
EZYV5000,0
EZYV3329,0
EZYV1328,0
EZYV1017,0
EZYV21850,0
EZYV1442,0
EZYV6619,1
EZYV18081,0
EZYV12200,0
EZYV2964,1
EZYV3207,0
EZYV19594,1
EZYV9507,0
EZYV21698,1
EZYV15031,0
EZYV2188,0
EZYV17950,1
EZYV13274,1
EZYV15721,1
EZYV15156,0
EZYV184,0
EZYV8797,1
EZYV15065,0
EZYV11427,0
EZYV21987,0
EZYV13263,0
EZYV1277,0
EZYV5398,0
EZYV3210,0
EZYV12238,1
EZYV22307,0
EZYV6580,0
EZYV19224,0
EZYV18133,0
EZYV24218,0
EZYV7434,0
EZYV14168,0
EZYV18833,0
EZYV6111,0
EZYV15991,0
EZYV2879,0
EZYV24237,0
EZYV18217,1
EZYV15766,0
EZYV12282,0
EZYV7827,0
EZYV17805,0
EZYV11859,1
EZYV20337,1
EZYV7870,0
EZYV6512,1
EZYV17042,0
EZYV9702,0
EZYV8164,0
EZYV8789,0
EZYV23558,0
EZYV22567,0
EZYV20437,0
EZYV5212,1
EZYV17466,0
EZYV17161,0
EZYV16882,0
EZYV325,0
EZYV12034,0
EZYV20973,0
EZYV20233,0
EZYV16919,1
EZYV5632,0
EZYV13978,1
EZYV5147,0
EZYV8210,0
EZYV6391,0
EZYV348,1
EZYV3095,1
EZYV8373,0
EZYV5843,0
EZYV13129,0
EZYV4011,0
EZYV5562,0
EZYV5085,0
EZYV9438,0
EZYV22777,0
EZYV11275,0
EZYV21820,0
EZYV16004,1
EZYV8720,0
EZYV17610,1
EZYV19694,1
EZYV21962,0
EZYV2658,0
EZYV9839,0
EZYV1825,0
EZYV8959,0
EZYV21137,1
EZYV17645,0
EZYV16972,1
EZYV6006,0
EZYV11365,1
EZYV10423,0
EZYV21494,1
EZYV19894,0
EZYV2936,0
EZYV16843,0
EZYV10226,0
EZYV25277,0
EZYV18067,0
EZYV12298,0
EZYV2200,0
EZYV17718,0
EZYV13884,1
EZYV18125,0
EZYV21378,0
EZYV2533,0
EZYV10277,0
EZYV14063,0
EZYV3264,0
EZYV2115,0
EZYV15228,0
EZYV11816,0
EZYV10458,0
EZYV19748,1
EZYV15987,1
EZYV7628,0
EZYV3904,1
EZYV22343,1
EZYV15331,0
EZYV15867,0
EZYV6164,1
EZYV17433,0
EZYV6331,1
EZYV10061,1
EZYV15038,0
EZYV10850,0
EZYV3046,0
EZYV7470,0
EZYV153,1
EZYV8844,0
EZYV22805,1
EZYV14213,1
EZYV18434,1
EZYV2691,0
EZYV24930,0
EZYV24408,0
EZYV14578,0
EZYV3517,0
EZYV16458,0
EZYV22820,1
EZYV18121,1
EZYV17858,0
EZYV19106,0
EZYV3634,1
EZYV19828,0
EZYV12652,1
EZYV7153,1
EZYV21818,0
EZYV6154,0
EZYV6807,0
EZYV22927,1
EZYV9876,0
EZYV3969,0
EZYV14619,0
EZYV22171,0
EZYV13906,0
EZYV23670,0
EZYV12589,0
EZYV11669,0
EZYV7953,0
EZYV23339,1
EZYV9661,1
EZYV3845,0
EZYV8215,0
EZYV1540,1
EZYV23733,0
EZYV1025,0
EZYV6352,0
EZYV11633,0
EZYV24436,0
EZYV16110,1
EZYV11160,0
EZYV295,0
EZYV1838,0
EZYV2353,0
EZYV10767,0
EZYV20956,0
EZYV19135,0
EZYV18028,1
EZYV3057,0
EZYV19037,0
EZYV12976,0
EZYV19904,1
EZYV1155,0
EZYV1358,0
EZYV6975,1
EZYV13594,0
EZYV14011,0
EZYV3367,0
EZYV16782,0
EZYV11151,0
EZYV10197,0
EZYV9633,1
EZYV1691,0
EZYV12648,0
EZYV7676,0
EZYV425,0
EZYV24182,1
EZYV1602,1
EZYV9005,1
EZYV17357,0
EZYV9629,0
EZYV16067,1
EZYV3876,0
EZYV16513,0
EZYV911,0
EZYV1646,1
EZYV19090,1
EZYV23002,1
EZYV5362,1
EZYV14395,0
EZYV18964,0
EZYV23201,0
EZYV9949,0
EZYV16955,0
EZYV7024,1
EZYV17349,0
EZYV77,0
EZYV1193,0
EZYV307,0
EZYV19563,1
EZYV17147,1
EZYV18313,0
EZYV9609,0
EZYV5574,0
EZYV4976,0
EZYV18317,0
EZYV9498,0
EZYV15270,0
EZYV9391,0
EZYV8837,0
EZYV18354,1
EZYV5892,0
EZYV19693,1
EZYV18991,1
EZYV6047,0
EZYV16083,0
EZYV22146,0
EZYV19410,0
EZYV15629,0
EZYV23830,0
EZYV16991,0
EZYV16794,0
EZYV2118,0
EZYV5990,0
EZYV787,0
EZYV12598,1
EZYV7646,0
EZYV1758,0
EZYV2027,0
EZYV491,0
EZYV11206,1
EZYV13834,0
EZYV10295,0
EZYV1050,1
EZYV8677,0
EZYV15050,1
EZYV20244,0
EZYV24939,0
EZYV20594,0
EZYV15573,0
EZYV17167,0
EZYV16949,0
EZYV1330,1
EZYV18092,0
EZYV7657,0
EZYV11482,0
EZYV4644,0
EZYV11503,0
EZYV13042,0
EZYV25177,0
EZYV9692,0
EZYV24778,0
EZYV2520,0
EZYV23853,0
EZYV9460,0
EZYV23085,0
EZYV21801,0
EZYV21690,0
EZYV8070,0
EZYV15067,0
EZYV13125,1
EZYV13451,0
EZYV2470,1
EZYV21176,1
EZYV11976,0
EZYV18655,1
EZYV6243,0
EZYV23624,0
EZYV5575,0
EZYV18738,0
EZYV11406,0
EZYV25321,0
EZYV18430,1
EZYV19583,0
EZYV13808,0
EZYV754,0
EZYV19947,0
EZYV20823,0
EZYV19706,1
EZYV755,0
EZYV19015,1
EZYV9452,0
EZYV22625,1
EZYV1182,0
EZYV5116,0
EZYV9354,0
EZYV11720,0
EZYV3958,0
EZYV13412,0
EZYV10967,0
EZYV24898,1
EZYV3096,1
EZYV5937,0
EZYV14592,0
EZYV21282,0
EZYV16799,0
EZYV12236,1
EZYV24580,0
EZYV16403,0
EZYV11517,0
EZYV4286,0
EZYV858,0
EZYV2144,0
EZYV6406,0
EZYV6034,0
EZYV6239,0
EZYV20218,0
EZYV7166,0
EZYV19323,0
EZYV14017,0
EZYV11039,0
EZYV9638,0
EZYV8945,1
EZYV21960,0
EZYV15037,0
EZYV18458,0
EZYV22508,0
EZYV5293,1
EZYV556,0
EZYV18185,0
EZYV15377,0
EZYV13181,0
EZYV21882,0
EZYV13395,0
EZYV14826,1
EZYV22578,0
EZYV17,0
EZYV19355,0
EZYV5753,0
EZYV9234,1
EZYV18528,1
EZYV2152,0
EZYV3839,1
EZYV8497,0
EZYV1775,0
EZYV7632,0
EZYV9724,0
EZYV13667,0
EZYV17764,0
EZYV13695,1
EZYV17093,1
EZYV21100,0
EZYV25241,0
EZYV21429,0
EZYV16770,0
EZYV2768,0
EZYV14743,0
EZYV24854,1
EZYV3929,1
EZYV24438,0
EZYV11037,0
EZYV8770,1
EZYV11272,1
EZYV20646,1
EZYV16155,0
EZYV2011,1
EZYV5530,0
EZYV14665,0
EZYV12613,0
EZYV19564,1
EZYV24981,0
EZYV20596,0
EZYV19730,1
EZYV4694,1
EZYV19526,0
EZYV2119,0
EZYV12618,0
EZYV9837,0
EZYV13566,0
EZYV17224,0
EZYV22640,0
EZYV14422,0
EZYV24969,1
EZYV20167,0
EZYV8183,0
EZYV1954,0
EZYV9859,0
EZYV11410,0
EZYV1556,0
EZYV13661,0
EZYV18750,0
EZYV14661,0
EZYV20419,1
EZYV6262,0
EZYV12097,0
EZYV18531,0
EZYV10365,0
EZYV9831,0
EZYV10983,0
EZYV24572,0
EZYV10717,0
EZYV22042,0
EZYV2328,1
EZYV7271,0
EZYV14070,1
EZYV20017,0
EZYV24520,0
EZYV14666,0
EZYV5377,0
EZYV16786,0
EZYV13394,0
EZYV18066,0
EZYV9320,0
EZYV20416,1
EZYV21680,0
EZYV24629,0
EZYV18870,0
EZYV8645,1
EZYV24156,0
EZYV9232,1
EZYV18994,0
EZYV14074,0
EZYV8555,1
EZYV3882,0
EZYV1925,0
EZYV25430,1
EZYV7224,0
EZYV11648,0
EZYV19282,1
EZYV18453,0
EZYV7766,0
EZYV24897,0
EZYV21217,1
EZYV17054,0
EZYV21857,0
EZYV2955,0
EZYV4630,0
EZYV9712,0
EZYV21559,0
EZYV11561,0
EZYV3092,0
EZYV3384,0
EZYV5621,0
EZYV12378,1
EZYV22868,0
EZYV15406,0
EZYV10151,0
EZYV6550,0
EZYV9817,0
EZYV15513,0
EZYV12155,1
EZYV2216,1
EZYV24748,1
EZYV9092,0
EZYV14095,1
EZYV6894,0
EZYV11033,1
EZYV1516,0
EZYV8488,1
EZYV7009,0
EZYV17083,0
EZYV14651,0
EZYV11303,0
EZYV13426,0
EZYV20202,0
EZYV5064,1
EZYV24140,1
EZYV2679,1
EZYV25334,1
EZYV15643,1
EZYV15016,0
EZYV16600,0
EZYV22397,1
EZYV22178,0
EZYV5269,1
EZYV2344,0
EZYV16378,0
EZYV21974,0
EZYV22304,1
EZYV10073,0
EZYV9704,1
EZYV20163,0
EZYV16451,0
EZYV3138,0
EZYV24972,1
EZYV15112,1
EZYV23989,1
EZYV16346,0
EZYV11141,0
EZYV25391,0
EZYV25214,0
EZYV388,0
EZYV11569,0
EZYV22526,0
EZYV14503,0
EZYV8911,0
EZYV10830,0
EZYV840,1
EZYV23833,1
EZYV134,0
EZYV19585,0
EZYV16846,0
EZYV23304,0
EZYV9576,0
EZYV2404,1
EZYV23436,0
EZYV19832,0
EZYV14865,0
EZYV22728,1
EZYV22173,0
EZYV18051,0
EZYV10711,0
EZYV10990,0
EZYV2803,0
EZYV16417,0
EZYV19882,0
EZYV23770,0
EZYV17233,0
EZYV6677,0
EZYV10577,0
EZYV6107,0
EZYV8485,1
EZYV9936,0
EZYV2264,1
EZYV6719,0
EZYV6278,1
EZYV12252,0
EZYV12144,0
EZYV5109,0
EZYV790,1
EZYV11717,0
EZYV13284,0
EZYV18972,1
EZYV17948,0
EZYV16920,0
EZYV9347,0
EZYV13013,0
EZYV10430,0
EZYV17174,1
EZYV25085,0
EZYV8860,1
EZYV17108,0
EZYV20168,0
EZYV4487,0
EZYV17751,0
EZYV5243,0
EZYV19542,0
EZYV2019,0
EZYV9224,1
EZYV4387,0
EZYV24126,0
EZYV7377,0
EZYV19626,0
EZYV20701,1
EZYV6646,0
EZYV24236,0
EZYV18206,1
EZYV4669,0
EZYV13558,0
EZYV2557,0
EZYV10579,0
EZYV1828,0
EZYV4608,0
EZYV15970,0
EZYV170,0
EZYV259,0
EZYV3972,0
EZYV1785,0
EZYV24452,0
EZYV9538,0
EZYV1374,0
EZYV1068,0
EZYV10449,0
EZYV18161,0
EZYV7407,0
EZYV5972,0
EZYV7267,0
EZYV10317,0
EZYV10720,0
EZYV9412,0
EZYV19679,0
EZYV17966,0
EZYV2926,0
EZYV24061,1
EZYV24960,0
EZYV2359,1
EZYV1618,1
EZYV19418,0
EZYV9656,0
EZYV16493,0
EZYV19533,1
EZYV8370,0
EZYV13261,0
EZYV7810,0
EZYV20494,0
EZYV7429,0
EZYV8522,1
EZYV16695,0
EZYV24689,0
EZYV11940,0
EZYV22327,1
EZYV14249,0
EZYV18296,0
EZYV18449,0
EZYV14220,0
EZYV3604,1
EZYV2998,0
EZYV1710,0
EZYV5493,0
EZYV9136,0
EZYV22482,0
EZYV25464,1
EZYV16433,0
EZYV15334,0
EZYV17563,0
EZYV19579,1
EZYV10207,0
EZYV11882,0
EZYV14055,1
EZYV10348,0
EZYV2712,0
EZYV12423,0
EZYV3702,0
EZYV23724,0
EZYV24446,1
EZYV16326,1
EZYV7005,0
EZYV25245,0
EZYV9827,1
EZYV3078,0
EZYV23726,0
EZYV14498,0
EZYV6263,0
EZYV12689,0
EZYV6087,0
EZYV14260,0
EZYV497,0
EZYV13239,1
EZYV15852,1
EZYV3492,1
EZYV2124,1
EZYV25314,0
EZYV12603,1
EZYV15282,0
EZYV3729,1
EZYV19252,1
EZYV13818,0
EZYV21562,1
EZYV2071,1
EZYV24770,0
EZYV15985,0
EZYV9898,1
EZYV15146,0
EZYV19503,0
EZYV16779,0
EZYV24771,1
EZYV13038,0
EZYV21407,0
EZYV13873,0
EZYV19861,0
EZYV15883,0
EZYV1286,0
EZYV851,1
EZYV7814,0
EZYV5380,0
EZYV22081,0
EZYV2332,0
EZYV11164,1
EZYV22016,0
EZYV11285,1
EZYV5272,0
EZYV10267,0
EZYV15386,0
EZYV5342,0
EZYV19482,1
EZYV4985,0
EZYV23685,1
EZYV15960,0
EZYV1576,1
EZYV22053,0
EZYV25265,0
EZYV17871,1
EZYV15071,1
EZYV13240,1
EZYV10882,1
EZYV17102,0
EZYV22249,0
EZYV19774,1
EZYV10077,0
EZYV12755,1
EZYV13336,1
EZYV18552,0
EZYV22167,0
EZYV1019,1
EZYV4667,0
EZYV1642,0
EZYV1868,0
EZYV4031,0
EZYV6473,1
EZYV18632,0
EZYV3724,1
EZYV24590,0
EZYV15686,1
EZYV7759,0
EZYV4512,0
EZYV10335,1
EZYV16988,0
EZYV14316,0
EZYV6661,1
EZYV15771,0
EZYV15554,0
EZYV24982,0
EZYV6377,0
EZYV19590,0
EZYV4026,1
EZYV11242,0
EZYV9596,1
EZYV6678,0
EZYV21112,0
EZYV19522,0
EZYV16393,0
EZYV24612,1
EZYV6392,0
EZYV17407,0
EZYV6620,1
EZYV22332,0
EZYV716,0
EZYV23719,0
EZYV20104,0
EZYV1416,1
EZYV22862,0
EZYV4461,0
EZYV1323,1
EZYV10161,0
EZYV21612,0
EZYV7008,1
EZYV5808,1
EZYV17288,0
EZYV2527,0
EZYV24625,0
EZYV25283,1
EZYV2752,0
EZYV6798,1
EZYV12355,0
EZYV10515,1
EZYV23906,0
EZYV18819,0
EZYV8576,0
EZYV5417,1
EZYV17731,1
EZYV10064,0
EZYV12184,0
EZYV3887,0
EZYV8838,0
EZYV17594,0
EZYV14372,0
EZYV3421,0
EZYV20920,0
EZYV3583,0
EZYV15800,1
EZYV25377,0
EZYV15363,1
EZYV12624,1
EZYV11105,0
EZYV13878,0
EZYV2177,1
EZYV12232,0
EZYV11783,0
EZYV1989,1
EZYV20822,0
EZYV12742,0
EZYV7189,0
EZYV1388,0
EZYV12022,0
EZYV5590,1
EZYV2861,1
EZYV3007,1
EZYV3368,0
EZYV22005,0
EZYV9495,1
EZYV20990,0
EZYV7838,0
EZYV10486,0
EZYV20171,1
EZYV20564,0
EZYV3871,1
EZYV19898,0
EZYV9395,0
EZYV5091,1
EZYV8436,1
EZYV17659,0
EZYV17745,1
EZYV7769,0
EZYV13487,0
EZYV734,0
EZYV14091,0
EZYV1598,0
EZYV8656,0
EZYV2473,0
EZYV22155,0
EZYV4213,0
EZYV13238,1
EZYV19907,1
EZYV576,0
EZYV1804,0
EZYV13543,0
EZYV17903,0
